datetime,short_forcast,temperature,is_available
2020-08-23 00:15:00,Mostly Cloudy,74,1
2020-08-23 00:30:00,Mostly Cloudy,74,1
2020-08-23 00:45:00,Mostly Cloudy,74,1
2020-08-23 00:00:00,Mostly Cloudy,74,1
2020-08-23 01:00:00,Mostly Cloudy,73,1
2020-08-23 01:15:00,Mostly Cloudy,73,1
2020-08-23 01:30:00,Mostly Cloudy,73,1
2020-08-23 01:45:00,Mostly Cloudy,73,1
2020-08-23 02:00:00,Mostly Cloudy,72,1
2020-08-23 02:15:00,Mostly Cloudy,72,1
2020-08-23 02:30:00,Mostly Cloudy,72,1
2020-08-23 02:45:00,Mostly Cloudy,72,1
2020-08-23 03:00:00,Mostly Cloudy,72,1
2020-08-23 03:15:00,Mostly Cloudy,72,1
2020-08-23 03:30:00,Mostly Cloudy,72,1
2020-08-23 03:45:00,Mostly Cloudy,72,1
2020-08-23 04:00:00,Mostly Cloudy,71,1
2020-08-23 04:15:00,Mostly Cloudy,71,1
2020-08-23 04:30:00,Mostly Cloudy,71,1
2020-08-23 04:45:00,Mostly Cloudy,71,1
2020-08-23 05:00:00,Patchy Fog,71,1
2020-08-23 05:15:00,Patchy Fog,71,1
2020-08-23 05:30:00,Patchy Fog,71,1
2020-08-23 05:45:00,Patchy Fog,71,1
2020-08-23 06:00:00,Patchy Fog,71,1
2020-08-23 06:15:00,Patchy Fog,71,1
2020-08-23 06:30:00,Patchy Fog,71,1
2020-08-23 06:45:00,Patchy Fog,71,0
2020-08-23 07:00:00,Patchy Fog,71,0
2020-08-23 07:15:00,Patchy Fog,71,0
2020-08-23 07:30:00,Patchy Fog,71,0
2020-08-23 07:45:00,Patchy Fog,71,1
2020-08-23 08:00:00,Patchy Fog,73,1
2020-08-23 08:15:00,Patchy Fog,73,1
2020-08-23 08:30:00,Patchy Fog,73,1
2020-08-23 08:45:00,Patchy Fog,73,1
2020-08-23 09:00:00,Partly Sunny,75,1
2020-08-23 09:15:00,Partly Sunny,75,1
2020-08-23 09:30:00,Partly Sunny,75,1
2020-08-23 09:45:00,Partly Sunny,75,1
2020-08-23 10:00:00,Partly Sunny,79,1
2020-08-23 10:15:00,Partly Sunny,79,1
2020-08-23 10:30:00,Partly Sunny,79,1
2020-08-23 10:45:00,Partly Sunny,79,1
2020-08-23 11:00:00,Mostly Sunny,83,1
2020-08-23 11:15:00,Mostly Sunny,83,1
2020-08-23 11:30:00,Mostly Sunny,83,1
2020-08-23 11:45:00,Mostly Sunny,83,1
2020-08-23 12:00:00,Mostly Sunny,86,1
2020-08-23 12:15:00,Mostly Sunny,86,1
2020-08-23 12:30:00,Mostly Sunny,86,1
2020-08-23 12:45:00,Mostly Sunny,86,1
2020-08-23 13:00:00,Mostly Sunny,88,1
2020-08-23 13:15:00,Mostly Sunny,88,1
2020-08-23 13:30:00,Mostly Sunny,88,1
2020-08-23 13:45:00,Mostly Sunny,88,1
2020-08-23 14:00:00,Mostly Sunny,89,1
2020-08-23 14:15:00,Mostly Sunny,89,1
2020-08-23 14:30:00,Mostly Sunny,89,1
2020-08-23 14:45:00,Mostly Sunny,89,1
2020-08-23 15:00:00,Partly Sunny,89,1
2020-08-23 15:15:00,Partly Sunny,89,1
2020-08-23 15:30:00,Partly Sunny,89,1
2020-08-23 15:45:00,Partly Sunny,89,1
2020-08-23 16:00:00,Partly Sunny,89,1
2020-08-23 16:15:00,Partly Sunny,89,1
2020-08-23 16:30:00,Partly Sunny,89,1
2020-08-23 16:45:00,Partly Sunny,89,1
2020-08-23 17:00:00,Partly Sunny,89,1
2020-08-23 17:15:00,Partly Sunny,89,1
2020-08-23 17:30:00,Partly Sunny,89,1
2020-08-23 17:45:00,Partly Sunny,89,1
2020-08-23 18:00:00,Mostly Cloudy,87,1
2020-08-23 18:15:00,Mostly Cloudy,87,1
2020-08-23 18:30:00,Mostly Cloudy,87,1
2020-08-23 18:45:00,Mostly Cloudy,87,1
2020-08-23 19:00:00,Mostly Cloudy,85,1
2020-08-23 19:15:00,Mostly Cloudy,85,1
2020-08-23 19:30:00,Mostly Cloudy,85,1
2020-08-23 19:45:00,Mostly Cloudy,85,1
2020-08-23 20:00:00,Mostly Cloudy,83,1
2020-08-23 20:15:00,Mostly Cloudy,83,1
2020-08-23 20:30:00,Mostly Cloudy,83,1
2020-08-23 20:45:00,Mostly Cloudy,83,1
2020-08-23 21:00:00,Partly Cloudy,80,1
2020-08-23 21:15:00,Partly Cloudy,80,1
2020-08-23 21:30:00,Partly Cloudy,80,1
2020-08-23 21:45:00,Partly Cloudy,80,1
2020-08-23 22:00:00,Partly Cloudy,79,1
2020-08-23 22:15:00,Partly Cloudy,79,1
2020-08-23 22:30:00,Partly Cloudy,79,1
2020-08-23 22:45:00,Partly Cloudy,79,1
2020-08-23 23:00:00,Partly Cloudy,78,1
2020-08-23 23:15:00,Partly Cloudy,78,1
2020-08-23 23:30:00,Partly Cloudy,78,1
2020-08-23 23:45:00,Partly Cloudy,78,1
2020-08-24 00:15:00,Partly Cloudy,77,1
2020-08-24 00:30:00,Partly Cloudy,77,1
2020-08-24 00:45:00,Partly Cloudy,77,1
2020-08-24 00:00:00,Partly Cloudy,77,1
2020-08-24 01:00:00,Mostly Cloudy,77,1
2020-08-24 01:15:00,Mostly Cloudy,77,1
2020-08-24 01:30:00,Mostly Cloudy,77,1
2020-08-24 01:45:00,Mostly Cloudy,77,1
2020-08-24 02:00:00,Mostly Cloudy,76,1
2020-08-24 02:15:00,Mostly Cloudy,76,1
2020-08-24 02:30:00,Mostly Cloudy,76,1
2020-08-24 02:45:00,Mostly Cloudy,76,1
2020-08-24 03:00:00,Mostly Cloudy,76,1
2020-08-24 03:15:00,Mostly Cloudy,76,1
2020-08-24 03:30:00,Mostly Cloudy,76,1
2020-08-24 03:45:00,Mostly Cloudy,76,1
2020-08-24 04:00:00,Mostly Cloudy,75,1
2020-08-24 04:15:00,Mostly Cloudy,75,1
2020-08-24 04:30:00,Mostly Cloudy,75,1
2020-08-24 04:45:00,Mostly Cloudy,75,1
2020-08-24 05:00:00,Mostly Cloudy,74,1
2020-08-24 05:15:00,Mostly Cloudy,74,1
2020-08-24 05:30:00,Mostly Cloudy,74,1
2020-08-24 05:45:00,Mostly Cloudy,74,1
2020-08-24 06:00:00,Partly Sunny,74,1
2020-08-24 06:15:00,Partly Sunny,74,1
2020-08-24 06:30:00,Partly Sunny,74,1
2020-08-24 06:45:00,Partly Sunny,74,1
2020-08-24 07:00:00,Partly Sunny,75,1
2020-08-24 07:15:00,Partly Sunny,75,1
2020-08-24 07:30:00,Partly Sunny,75,1
2020-08-24 07:45:00,Partly Sunny,75,1
2020-08-24 08:00:00,Partly Sunny,76,1
2020-08-24 08:15:00,Partly Sunny,76,1
2020-08-24 08:30:00,Partly Sunny,76,1
2020-08-24 08:45:00,Partly Sunny,76,1
2020-08-24 09:00:00,Partly Sunny,79,1
2020-08-24 09:15:00,Partly Sunny,79,1
2020-08-24 09:30:00,Partly Sunny,79,1
2020-08-24 09:45:00,Partly Sunny,79,1
2020-08-24 10:00:00,Partly Sunny,82,0
2020-08-24 10:15:00,Partly Sunny,82,0
2020-08-24 10:30:00,Partly Sunny,82,0
2020-08-24 10:45:00,Partly Sunny,82,1
2020-08-24 11:00:00,Partly Sunny,85,1
2020-08-24 11:15:00,Partly Sunny,85,1
2020-08-24 11:30:00,Partly Sunny,85,1
2020-08-24 11:45:00,Partly Sunny,85,1
2020-08-24 12:00:00,Partly Sunny,87,1
2020-08-24 12:15:00,Partly Sunny,87,1
2020-08-24 12:30:00,Partly Sunny,87,1
2020-08-24 12:45:00,Partly Sunny,87,1
2020-08-24 13:00:00,Partly Sunny,89,1
2020-08-24 13:15:00,Partly Sunny,89,1
2020-08-24 13:30:00,Partly Sunny,89,1
2020-08-24 13:45:00,Partly Sunny,89,1
2020-08-24 14:00:00,Chance Showers And Thunderstorms,90,1
2020-08-24 14:15:00,Chance Showers And Thunderstorms,90,1
2020-08-24 14:30:00,Chance Showers And Thunderstorms,90,1
2020-08-24 14:45:00,Chance Showers And Thunderstorms,90,1
2020-08-24 15:00:00,Chance Showers And Thunderstorms,90,1
2020-08-24 15:15:00,Chance Showers And Thunderstorms,90,1
2020-08-24 15:30:00,Chance Showers And Thunderstorms,90,1
2020-08-24 15:45:00,Chance Showers And Thunderstorms,90,1
2020-08-24 16:00:00,Chance Showers And Thunderstorms,90,1
2020-08-24 16:15:00,Chance Showers And Thunderstorms,90,1
2020-08-24 16:30:00,Chance Showers And Thunderstorms,90,1
2020-08-24 16:45:00,Chance Showers And Thunderstorms,90,1
2020-08-24 17:00:00,Chance Showers And Thunderstorms,89,1
2020-08-24 17:15:00,Chance Showers And Thunderstorms,89,1
2020-08-24 17:30:00,Chance Showers And Thunderstorms,89,1
2020-08-24 17:45:00,Chance Showers And Thunderstorms,89,1
2020-08-24 18:00:00,Chance Showers And Thunderstorms,87,1
2020-08-24 18:15:00,Chance Showers And Thunderstorms,87,1
2020-08-24 18:30:00,Chance Showers And Thunderstorms,87,1
2020-08-24 18:45:00,Chance Showers And Thunderstorms,87,1
2020-08-24 19:00:00,Chance Showers And Thunderstorms,85,1
2020-08-24 19:15:00,Chance Showers And Thunderstorms,85,1
2020-08-24 19:30:00,Chance Showers And Thunderstorms,85,1
2020-08-24 19:45:00,Chance Showers And Thunderstorms,85,1
2020-08-24 20:00:00,Mostly Cloudy,82,1
2020-08-24 20:15:00,Mostly Cloudy,82,1
2020-08-24 20:30:00,Mostly Cloudy,82,1
2020-08-24 20:45:00,Mostly Cloudy,82,1
2020-08-24 21:00:00,Mostly Cloudy,80,1
2020-08-24 21:15:00,Mostly Cloudy,80,1
2020-08-24 21:30:00,Mostly Cloudy,80,1
2020-08-24 21:45:00,Mostly Cloudy,80,1
2020-08-24 22:00:00,Mostly Cloudy,78,1
2020-08-24 22:15:00,Mostly Cloudy,78,1
2020-08-24 22:30:00,Mostly Cloudy,78,1
2020-08-24 22:45:00,Mostly Cloudy,78,1
2020-08-24 23:00:00,Mostly Cloudy,77,1
2020-08-24 23:15:00,Mostly Cloudy,77,1
2020-08-24 23:30:00,Mostly Cloudy,77,1
2020-08-24 23:45:00,Mostly Cloudy,77,1
2020-08-25 00:15:00,Mostly Cloudy,76,1
2020-08-25 00:30:00,Mostly Cloudy,76,1
2020-08-25 00:45:00,Mostly Cloudy,76,1
2020-08-25 00:00:00,Mostly Cloudy,76,1
2020-08-25 01:00:00,Mostly Cloudy,76,1
2020-08-25 01:15:00,Mostly Cloudy,76,1
2020-08-25 01:30:00,Mostly Cloudy,76,1
2020-08-25 01:45:00,Mostly Cloudy,76,1
2020-08-25 02:00:00,Mostly Cloudy,76,1
2020-08-25 02:15:00,Mostly Cloudy,76,1
2020-08-25 02:30:00,Mostly Cloudy,76,1
2020-08-25 02:45:00,Mostly Cloudy,76,1
2020-08-25 03:00:00,Mostly Cloudy,75,1
2020-08-25 03:15:00,Mostly Cloudy,75,1
2020-08-25 03:30:00,Mostly Cloudy,75,1
2020-08-25 03:45:00,Mostly Cloudy,75,1
2020-08-25 04:00:00,Mostly Cloudy,74,1
2020-08-25 04:15:00,Mostly Cloudy,74,1
2020-08-25 04:30:00,Mostly Cloudy,74,1
2020-08-25 04:45:00,Mostly Cloudy,74,1
2020-08-25 05:00:00,Partly Cloudy,73,1
2020-08-25 05:15:00,Partly Cloudy,73,1
2020-08-25 05:30:00,Partly Cloudy,73,1
2020-08-25 05:45:00,Partly Cloudy,73,1
2020-08-25 06:00:00,Mostly Sunny,73,1
2020-08-25 06:15:00,Mostly Sunny,73,1
2020-08-25 06:30:00,Mostly Sunny,73,1
2020-08-25 06:45:00,Mostly Sunny,73,1
2020-08-25 07:00:00,Mostly Sunny,74,1
2020-08-25 07:15:00,Mostly Sunny,74,1
2020-08-25 07:30:00,Mostly Sunny,74,1
2020-08-25 07:45:00,Mostly Sunny,74,1
2020-08-25 08:00:00,Mostly Sunny,75,0
2020-08-25 08:15:00,Mostly Sunny,75,0
2020-08-25 08:30:00,Mostly Sunny,75,0
2020-08-25 08:45:00,Mostly Sunny,75,1
2020-08-25 09:00:00,Mostly Sunny,78,1
2020-08-25 09:15:00,Mostly Sunny,78,1
2020-08-25 09:30:00,Mostly Sunny,78,1
2020-08-25 09:45:00,Mostly Sunny,78,1
2020-08-25 10:00:00,Mostly Sunny,82,0
2020-08-25 10:15:00,Mostly Sunny,82,0
2020-08-25 10:30:00,Mostly Sunny,82,0
2020-08-25 10:45:00,Mostly Sunny,82,1
2020-08-25 11:00:00,Sunny,85,1
2020-08-25 11:15:00,Sunny,85,1
2020-08-25 11:30:00,Sunny,85,1
2020-08-25 11:45:00,Sunny,85,1
2020-08-25 12:00:00,Sunny,87,0
2020-08-25 12:15:00,Sunny,87,0
2020-08-25 12:30:00,Sunny,87,0
2020-08-25 12:45:00,Sunny,87,0
2020-08-25 13:00:00,Sunny,89,0
2020-08-25 13:15:00,Sunny,89,1
2020-08-25 13:30:00,Sunny,89,1
2020-08-25 13:45:00,Sunny,89,1
2020-08-25 14:00:00,Sunny,90,1
2020-08-25 14:15:00,Sunny,90,1
2020-08-25 14:30:00,Sunny,90,1
2020-08-25 14:45:00,Sunny,90,1
2020-08-25 15:00:00,Sunny,90,1
2020-08-25 15:15:00,Sunny,90,1
2020-08-25 15:30:00,Sunny,90,1
2020-08-25 15:45:00,Sunny,90,1
2020-08-25 16:00:00,Sunny,91,1
2020-08-25 16:15:00,Sunny,91,1
2020-08-25 16:30:00,Sunny,91,1
2020-08-25 16:45:00,Sunny,91,1
2020-08-25 17:00:00,Sunny,89,1
2020-08-25 17:15:00,Sunny,89,1
2020-08-25 17:30:00,Sunny,89,1
2020-08-25 17:45:00,Sunny,89,1
2020-08-25 18:00:00,Mostly Clear,88,1
2020-08-25 18:15:00,Mostly Clear,88,1
2020-08-25 18:30:00,Mostly Clear,88,1
2020-08-25 18:45:00,Mostly Clear,88,1
2020-08-25 19:00:00,Mostly Clear,85,1
2020-08-25 19:15:00,Mostly Clear,85,1
2020-08-25 19:30:00,Mostly Clear,85,1
2020-08-25 19:45:00,Mostly Clear,85,1
2020-08-25 20:00:00,Mostly Clear,82,1
2020-08-25 20:15:00,Mostly Clear,82,1
2020-08-25 20:30:00,Mostly Clear,82,1
2020-08-25 20:45:00,Mostly Clear,82,1
2020-08-25 21:00:00,Mostly Clear,80,1
2020-08-25 21:15:00,Mostly Clear,80,1
2020-08-25 21:30:00,Mostly Clear,80,1
2020-08-25 21:45:00,Mostly Clear,80,1
2020-08-25 22:00:00,Mostly Clear,78,1
2020-08-25 22:15:00,Mostly Clear,78,1
2020-08-25 22:30:00,Mostly Clear,78,1
2020-08-25 22:45:00,Mostly Clear,78,1
2020-08-25 23:00:00,Mostly Clear,77,1
2020-08-25 23:15:00,Mostly Clear,77,1
2020-08-25 23:30:00,Mostly Clear,77,1
2020-08-25 23:45:00,Mostly Clear,77,1
2020-08-26 00:15:00,Slight Chance Showers And Thunderstorms,78,1
2020-08-26 00:30:00,Slight Chance Showers And Thunderstorms,78,1
2020-08-26 00:45:00,Slight Chance Showers And Thunderstorms,78,1
2020-08-26 00:00:00,Slight Chance Showers And Thunderstorms,78,1
2020-08-26 01:00:00,Slight Chance Showers And Thunderstorms,77,1
2020-08-26 01:15:00,Slight Chance Showers And Thunderstorms,77,1
2020-08-26 01:30:00,Slight Chance Showers And Thunderstorms,77,1
2020-08-26 01:45:00,Slight Chance Showers And Thunderstorms,77,1
2020-08-26 02:00:00,Mostly Cloudy,76,1
2020-08-26 02:15:00,Mostly Cloudy,76,1
2020-08-26 02:30:00,Mostly Cloudy,76,1
2020-08-26 02:45:00,Mostly Cloudy,76,1
2020-08-26 03:00:00,Partly Cloudy,75,1
2020-08-26 03:15:00,Partly Cloudy,75,1
2020-08-26 03:30:00,Partly Cloudy,75,1
2020-08-26 03:45:00,Partly Cloudy,75,1
2020-08-26 04:00:00,Partly Cloudy,74,1
2020-08-26 04:15:00,Partly Cloudy,74,1
2020-08-26 04:30:00,Partly Cloudy,74,1
2020-08-26 04:45:00,Partly Cloudy,74,1
2020-08-26 05:00:00,Partly Cloudy,74,1
2020-08-26 05:15:00,Partly Cloudy,74,1
2020-08-26 05:30:00,Partly Cloudy,74,1
2020-08-26 05:45:00,Partly Cloudy,74,1
2020-08-26 06:00:00,Sunny,73,1
2020-08-26 06:15:00,Sunny,73,1
2020-08-26 06:30:00,Sunny,73,1
2020-08-26 06:45:00,Sunny,73,1
2020-08-26 07:00:00,Sunny,73,1
2020-08-26 07:15:00,Sunny,73,1
2020-08-26 07:30:00,Sunny,73,1
2020-08-26 07:45:00,Sunny,73,1
2020-08-26 08:00:00,Sunny,73,1
2020-08-26 08:15:00,Sunny,73,1
2020-08-26 08:30:00,Sunny,73,1
2020-08-26 08:45:00,Sunny,73,1
2020-08-26 09:00:00,Sunny,76,1
2020-08-26 09:15:00,Sunny,76,1
2020-08-26 09:30:00,Sunny,76,1
2020-08-26 09:45:00,Sunny,76,1
2020-08-26 10:00:00,Sunny,79,0
2020-08-26 10:15:00,Sunny,79,0
2020-08-26 10:30:00,Sunny,79,0
2020-08-26 10:45:00,Sunny,79,1
2020-08-26 11:00:00,Sunny,82,1
2020-08-26 11:15:00,Sunny,82,1
2020-08-26 11:30:00,Sunny,82,1
2020-08-26 11:45:00,Sunny,82,1
2020-08-26 12:00:00,Sunny,83,1
2020-08-26 12:15:00,Sunny,83,1
2020-08-26 12:30:00,Sunny,83,1
2020-08-26 12:45:00,Sunny,83,1
2020-08-26 13:00:00,Sunny,85,1
2020-08-26 13:15:00,Sunny,85,1
2020-08-26 13:30:00,Sunny,85,1
2020-08-26 13:45:00,Sunny,85,1
2020-08-26 14:00:00,Sunny,86,1
2020-08-26 14:15:00,Sunny,86,1
2020-08-26 14:30:00,Sunny,86,1
2020-08-26 14:45:00,Sunny,86,1
2020-08-26 15:00:00,Sunny,86,1
2020-08-26 15:15:00,Sunny,86,1
2020-08-26 15:30:00,Sunny,86,1
2020-08-26 15:45:00,Sunny,86,1
2020-08-26 16:00:00,Sunny,86,1
2020-08-26 16:15:00,Sunny,86,1
2020-08-26 16:30:00,Sunny,86,1
2020-08-26 16:45:00,Sunny,86,1
2020-08-26 17:00:00,Slight Chance Rain Showers,87,1
2020-08-26 17:15:00,Slight Chance Rain Showers,87,1
2020-08-26 17:30:00,Slight Chance Rain Showers,87,1
2020-08-26 17:45:00,Slight Chance Rain Showers,87,1
2020-08-26 18:00:00,Slight Chance Rain Showers,84,1
2020-08-26 18:15:00,Slight Chance Rain Showers,84,1
2020-08-26 18:30:00,Slight Chance Rain Showers,84,1
2020-08-26 18:45:00,Slight Chance Rain Showers,84,1
2020-08-26 19:00:00,Slight Chance Rain Showers,82,1
2020-08-26 19:15:00,Slight Chance Rain Showers,82,1
2020-08-26 19:30:00,Slight Chance Rain Showers,82,1
2020-08-26 19:45:00,Slight Chance Rain Showers,82,1
2020-08-26 20:00:00,Slight Chance Rain Showers,80,1
2020-08-26 20:15:00,Slight Chance Rain Showers,80,1
2020-08-26 20:30:00,Slight Chance Rain Showers,80,1
2020-08-26 20:45:00,Slight Chance Rain Showers,80,1
2020-08-26 21:00:00,Slight Chance Rain Showers,79,1
2020-08-26 21:15:00,Slight Chance Rain Showers,79,1
2020-08-26 21:30:00,Slight Chance Rain Showers,79,1
2020-08-26 21:45:00,Slight Chance Rain Showers,79,1
2020-08-26 22:00:00,Slight Chance Rain Showers,77,1
2020-08-26 22:15:00,Slight Chance Rain Showers,77,1
2020-08-26 22:30:00,Slight Chance Rain Showers,77,1
2020-08-26 22:45:00,Slight Chance Rain Showers,77,1
2020-08-26 23:00:00,Slight Chance Rain Showers,76,1
2020-08-26 23:15:00,Slight Chance Rain Showers,76,1
2020-08-26 23:30:00,Slight Chance Rain Showers,76,1
2020-08-26 23:45:00,Slight Chance Rain Showers,76,1
2020-08-27 00:15:00,Partly Cloudy,76,1
2020-08-27 00:30:00,Partly Cloudy,76,1
2020-08-27 00:45:00,Partly Cloudy,76,1
2020-08-27 00:00:00,Partly Cloudy,76,1
2020-08-27 01:00:00,Partly Cloudy,75,1
2020-08-27 01:15:00,Partly Cloudy,75,1
2020-08-27 01:30:00,Partly Cloudy,75,1
2020-08-27 01:45:00,Partly Cloudy,75,1
2020-08-27 02:00:00,Mostly Clear,75,1
2020-08-27 02:15:00,Mostly Clear,75,1
2020-08-27 02:30:00,Mostly Clear,75,1
2020-08-27 02:45:00,Mostly Clear,75,1
2020-08-27 03:00:00,Partly Cloudy,74,1
2020-08-27 03:15:00,Partly Cloudy,74,1
2020-08-27 03:30:00,Partly Cloudy,74,1
2020-08-27 03:45:00,Partly Cloudy,74,1
2020-08-27 04:00:00,Partly Cloudy,74,1
2020-08-27 04:15:00,Partly Cloudy,74,1
2020-08-27 04:30:00,Partly Cloudy,74,1
2020-08-27 04:45:00,Partly Cloudy,74,1
2020-08-27 05:00:00,Partly Cloudy,73,1
2020-08-27 05:15:00,Partly Cloudy,73,1
2020-08-27 05:30:00,Partly Cloudy,73,1
2020-08-27 05:45:00,Partly Cloudy,73,1
2020-08-27 06:00:00,Mostly Sunny,73,1
2020-08-27 06:15:00,Mostly Sunny,73,1
2020-08-27 06:30:00,Mostly Sunny,73,1
2020-08-27 06:45:00,Mostly Sunny,73,1
2020-08-27 07:00:00,Mostly Sunny,74,1
2020-08-27 07:15:00,Mostly Sunny,74,1
2020-08-27 07:30:00,Mostly Sunny,74,0
2020-08-27 07:45:00,Mostly Sunny,74,0
2020-08-27 08:00:00,Sunny,74,0
2020-08-27 08:15:00,Sunny,74,1
2020-08-27 08:30:00,Sunny,74,1
2020-08-27 08:45:00,Sunny,74,1
2020-08-27 09:00:00,Sunny,78,1
2020-08-27 09:15:00,Sunny,78,1
2020-08-27 09:30:00,Sunny,78,1
2020-08-27 09:45:00,Sunny,78,1
2020-08-27 10:00:00,Sunny,81,0
2020-08-27 10:15:00,Sunny,81,0
2020-08-27 10:30:00,Sunny,81,0
2020-08-27 10:45:00,Sunny,81,1
2020-08-27 11:00:00,Sunny,85,1
2020-08-27 11:15:00,Sunny,85,1
2020-08-27 11:30:00,Sunny,85,1
2020-08-27 11:45:00,Sunny,85,1
2020-08-27 12:00:00,Sunny,87,1
2020-08-27 12:15:00,Sunny,87,1
2020-08-27 12:30:00,Sunny,87,1
2020-08-27 12:45:00,Sunny,87,1
2020-08-27 13:00:00,Sunny,88,1
2020-08-27 13:15:00,Sunny,88,1
2020-08-27 13:30:00,Sunny,88,1
2020-08-27 13:45:00,Sunny,88,1
2020-08-27 14:00:00,Sunny,90,1
2020-08-27 14:15:00,Sunny,90,1
2020-08-27 14:30:00,Sunny,90,0
2020-08-27 14:45:00,Sunny,90,0
2020-08-27 15:00:00,Sunny,90,0
2020-08-27 15:15:00,Sunny,90,0
2020-08-27 15:30:00,Sunny,90,0
2020-08-27 15:45:00,Sunny,90,1
2020-08-27 16:00:00,Sunny,90,1
2020-08-27 16:15:00,Sunny,90,1
2020-08-27 16:30:00,Sunny,90,1
2020-08-27 16:45:00,Sunny,90,1
2020-08-27 17:00:00,Sunny,90,0
2020-08-27 17:15:00,Sunny,90,0
2020-08-27 17:30:00,Sunny,90,0
2020-08-27 17:45:00,Sunny,90,0
2020-08-27 18:00:00,Mostly Clear,88,0
2020-08-27 18:15:00,Mostly Clear,88,1
2020-08-27 18:30:00,Mostly Clear,88,1
2020-08-27 18:45:00,Mostly Clear,88,1
2020-08-27 19:00:00,Partly Cloudy,85,1
2020-08-27 19:15:00,Partly Cloudy,85,1
2020-08-27 19:30:00,Partly Cloudy,85,1
2020-08-27 19:45:00,Partly Cloudy,85,1
2020-08-27 20:00:00,Partly Cloudy,83,1
2020-08-27 20:15:00,Partly Cloudy,83,1
2020-08-27 20:30:00,Partly Cloudy,83,1
2020-08-27 20:45:00,Partly Cloudy,83,1
2020-08-27 21:00:00,Partly Cloudy,82,1
2020-08-27 21:15:00,Partly Cloudy,82,1
2020-08-27 21:30:00,Partly Cloudy,82,1
2020-08-27 21:45:00,Partly Cloudy,82,1
2020-08-27 22:00:00,Partly Cloudy,80,1
2020-08-27 22:15:00,Partly Cloudy,80,1
2020-08-27 22:30:00,Partly Cloudy,80,1
2020-08-27 22:45:00,Partly Cloudy,80,1
2020-08-27 23:00:00,Mostly Clear,79,1
2020-08-27 23:15:00,Mostly Clear,79,1
2020-08-27 23:30:00,Mostly Clear,79,1
2020-08-27 23:45:00,Mostly Clear,79,1
2020-08-28 00:15:00,Mostly Clear,79,1
2020-08-28 00:30:00,Mostly Clear,79,1
2020-08-28 00:45:00,Mostly Clear,79,1
2020-08-28 00:00:00,Mostly Clear,79,1
2020-08-28 01:00:00,Partly Cloudy,78,1
2020-08-28 01:15:00,Partly Cloudy,78,1
2020-08-28 01:30:00,Partly Cloudy,78,1
2020-08-28 01:45:00,Partly Cloudy,78,1
2020-08-28 02:00:00,Partly Cloudy,78,1
2020-08-28 02:15:00,Partly Cloudy,78,1
2020-08-28 02:30:00,Partly Cloudy,78,1
2020-08-28 02:45:00,Partly Cloudy,78,1
2020-08-28 03:00:00,Partly Cloudy,77,1
2020-08-28 03:15:00,Partly Cloudy,77,1
2020-08-28 03:30:00,Partly Cloudy,77,1
2020-08-28 03:45:00,Partly Cloudy,77,1
2020-08-28 04:00:00,Partly Cloudy,76,1
2020-08-28 04:15:00,Partly Cloudy,76,1
2020-08-28 04:30:00,Partly Cloudy,76,1
2020-08-28 04:45:00,Partly Cloudy,76,1
2020-08-28 05:00:00,Partly Cloudy,75,1
2020-08-28 05:15:00,Partly Cloudy,75,1
2020-08-28 05:30:00,Partly Cloudy,75,1
2020-08-28 05:45:00,Partly Cloudy,75,1
2020-08-28 06:00:00,Mostly Sunny,75,1
2020-08-28 06:15:00,Mostly Sunny,75,1
2020-08-28 06:30:00,Mostly Sunny,75,1
2020-08-28 06:45:00,Mostly Sunny,75,1
2020-08-28 07:00:00,Mostly Sunny,75,1
2020-08-28 07:15:00,Mostly Sunny,75,1
2020-08-28 07:30:00,Mostly Sunny,75,1
2020-08-28 07:45:00,Mostly Sunny,75,1
2020-08-28 08:00:00,Mostly Sunny,75,1
2020-08-28 08:15:00,Mostly Sunny,75,1
2020-08-28 08:30:00,Mostly Sunny,75,1
2020-08-28 08:45:00,Mostly Sunny,75,1
2020-08-28 09:00:00,Mostly Sunny,77,1
2020-08-28 09:15:00,Mostly Sunny,77,1
2020-08-28 09:30:00,Mostly Sunny,77,1
2020-08-28 09:45:00,Mostly Sunny,77,1
2020-08-28 10:00:00,Mostly Sunny,80,1
2020-08-28 10:15:00,Mostly Sunny,80,1
2020-08-28 10:30:00,Mostly Sunny,80,1
2020-08-28 10:45:00,Mostly Sunny,80,1
2020-08-28 11:00:00,Mostly Sunny,82,0
2020-08-28 11:15:00,Mostly Sunny,82,0
2020-08-28 11:30:00,Mostly Sunny,82,0
2020-08-28 11:45:00,Mostly Sunny,82,1
2020-08-28 12:00:00,Mostly Sunny,84,1
2020-08-28 12:15:00,Mostly Sunny,84,1
2020-08-28 12:30:00,Mostly Sunny,84,1
2020-08-28 12:45:00,Mostly Sunny,84,1
2020-08-28 13:00:00,Mostly Sunny,86,1
2020-08-28 13:15:00,Mostly Sunny,86,1
2020-08-28 13:30:00,Mostly Sunny,86,1
2020-08-28 13:45:00,Mostly Sunny,86,1
2020-08-28 14:00:00,Chance Showers And Thunderstorms,87,1
2020-08-28 14:15:00,Chance Showers And Thunderstorms,87,1
2020-08-28 14:30:00,Chance Showers And Thunderstorms,87,1
2020-08-28 14:45:00,Chance Showers And Thunderstorms,87,1
2020-08-28 15:00:00,Chance Showers And Thunderstorms,87,0
2020-08-28 15:15:00,Chance Showers And Thunderstorms,87,0
2020-08-28 15:30:00,Chance Showers And Thunderstorms,87,0
2020-08-28 15:45:00,Chance Showers And Thunderstorms,87,1
2020-08-28 16:00:00,Chance Showers And Thunderstorms,87,1
2020-08-28 16:15:00,Chance Showers And Thunderstorms,87,1
2020-08-28 16:30:00,Chance Showers And Thunderstorms,87,1
2020-08-28 16:45:00,Chance Showers And Thunderstorms,87,1
2020-08-28 17:00:00,Chance Showers And Thunderstorms,86,1
2020-08-28 17:15:00,Chance Showers And Thunderstorms,86,1
2020-08-28 17:30:00,Chance Showers And Thunderstorms,86,1
2020-08-28 17:45:00,Chance Showers And Thunderstorms,86,1
2020-08-28 18:00:00,Chance Showers And Thunderstorms,84,1
2020-08-28 18:15:00,Chance Showers And Thunderstorms,84,1
2020-08-28 18:30:00,Chance Showers And Thunderstorms,84,1
2020-08-28 18:45:00,Chance Showers And Thunderstorms,84,1
2020-08-28 19:00:00,Chance Showers And Thunderstorms,82,1
2020-08-28 19:15:00,Chance Showers And Thunderstorms,82,1
2020-08-28 19:30:00,Chance Showers And Thunderstorms,82,1
2020-08-28 19:45:00,Chance Showers And Thunderstorms,82,1
2020-08-28 20:00:00,Slight Chance Showers And Thunderstorms,80,1
2020-08-28 20:15:00,Slight Chance Showers And Thunderstorms,80,1
2020-08-28 20:30:00,Slight Chance Showers And Thunderstorms,80,1
2020-08-28 20:45:00,Slight Chance Showers And Thunderstorms,80,1
2020-08-28 21:00:00,Slight Chance Showers And Thunderstorms,79,1
2020-08-28 21:15:00,Slight Chance Showers And Thunderstorms,79,1
2020-08-28 21:30:00,Slight Chance Showers And Thunderstorms,79,1
2020-08-28 21:45:00,Slight Chance Showers And Thunderstorms,79,1
2020-08-28 22:00:00,Slight Chance Showers And Thunderstorms,77,1
2020-08-28 22:15:00,Slight Chance Showers And Thunderstorms,77,1
2020-08-28 22:30:00,Slight Chance Showers And Thunderstorms,77,1
2020-08-28 22:45:00,Slight Chance Showers And Thunderstorms,77,1
2020-08-28 23:00:00,Slight Chance Showers And Thunderstorms,76,1
2020-08-28 23:15:00,Slight Chance Showers And Thunderstorms,76,1
2020-08-28 23:30:00,Slight Chance Showers And Thunderstorms,76,1
2020-08-28 23:45:00,Slight Chance Showers And Thunderstorms,76,1
2020-08-31 00:15:00,Partly Cloudy,70,1
2020-08-31 00:30:00,Partly Cloudy,70,1
2020-08-31 00:45:00,Partly Cloudy,70,1
2020-08-31 00:00:00,Partly Cloudy,70,1
2020-08-31 01:00:00,Partly Cloudy,70,1
2020-08-31 01:15:00,Partly Cloudy,70,1
2020-08-31 01:30:00,Partly Cloudy,70,1
2020-08-31 01:45:00,Partly Cloudy,70,1
2020-08-31 02:00:00,Partly Cloudy,69,1
2020-08-31 02:15:00,Partly Cloudy,69,1
2020-08-31 02:30:00,Partly Cloudy,69,1
2020-08-31 02:45:00,Partly Cloudy,69,1
2020-08-31 03:00:00,Partly Cloudy,69,1
2020-08-31 03:15:00,Partly Cloudy,69,1
2020-08-31 03:30:00,Partly Cloudy,69,1
2020-08-31 03:45:00,Partly Cloudy,69,1
2020-08-31 04:00:00,Mostly Cloudy,68,1
2020-08-31 04:15:00,Mostly Cloudy,68,1
2020-08-31 04:30:00,Mostly Cloudy,68,1
2020-08-31 04:45:00,Mostly Cloudy,68,1
2020-08-31 05:00:00,Mostly Cloudy,68,1
2020-08-31 05:15:00,Mostly Cloudy,68,1
2020-08-31 05:30:00,Mostly Cloudy,68,1
2020-08-31 05:45:00,Mostly Cloudy,68,1
2020-08-31 06:00:00,Partly Sunny,68,1
2020-08-31 06:15:00,Partly Sunny,68,1
2020-08-31 06:30:00,Partly Sunny,68,1
2020-08-31 06:45:00,Partly Sunny,68,1
2020-08-31 07:00:00,Mostly Cloudy,68,1
2020-08-31 07:15:00,Mostly Cloudy,68,1
2020-08-31 07:30:00,Mostly Cloudy,68,1
2020-08-31 07:45:00,Mostly Cloudy,68,1
2020-08-31 08:00:00,Mostly Cloudy,69,1
2020-08-31 08:15:00,Mostly Cloudy,69,1
2020-08-31 08:30:00,Mostly Cloudy,69,1
2020-08-31 08:45:00,Mostly Cloudy,69,1
2020-08-31 09:00:00,Mostly Cloudy,72,1
2020-08-31 09:15:00,Mostly Cloudy,72,1
2020-08-31 09:30:00,Mostly Cloudy,72,1
2020-08-31 09:45:00,Mostly Cloudy,72,1
2020-08-31 10:00:00,Mostly Cloudy,74,0
2020-08-31 10:15:00,Mostly Cloudy,74,0
2020-08-31 10:30:00,Mostly Cloudy,74,0
2020-08-31 10:45:00,Mostly Cloudy,74,1
2020-08-31 11:00:00,Slight Chance Rain Showers,76,1
2020-08-31 11:15:00,Slight Chance Rain Showers,76,1
2020-08-31 11:30:00,Slight Chance Rain Showers,76,1
2020-08-31 11:45:00,Slight Chance Rain Showers,76,0
2020-08-31 12:00:00,Slight Chance Rain Showers,78,0
2020-08-31 12:15:00,Slight Chance Rain Showers,78,1
2020-08-31 12:30:00,Slight Chance Rain Showers,78,1
2020-08-31 12:45:00,Slight Chance Rain Showers,78,1
2020-08-31 13:00:00,Slight Chance Rain Showers,79,1
2020-08-31 13:15:00,Slight Chance Rain Showers,79,1
2020-08-31 13:30:00,Slight Chance Rain Showers,79,1
2020-08-31 13:45:00,Slight Chance Rain Showers,79,1
2020-08-31 14:00:00,Chance Showers And Thunderstorms,80,1
2020-08-31 14:15:00,Chance Showers And Thunderstorms,80,1
2020-08-31 14:30:00,Chance Showers And Thunderstorms,80,1
2020-08-31 14:45:00,Chance Showers And Thunderstorms,80,1
2020-08-31 15:00:00,Chance Showers And Thunderstorms,80,1
2020-08-31 15:15:00,Chance Showers And Thunderstorms,80,1
2020-08-31 15:30:00,Chance Showers And Thunderstorms,80,1
2020-08-31 15:45:00,Chance Showers And Thunderstorms,80,1
2020-08-31 16:00:00,Chance Showers And Thunderstorms,79,1
2020-08-31 16:15:00,Chance Showers And Thunderstorms,79,1
2020-08-31 16:30:00,Chance Showers And Thunderstorms,79,1
2020-08-31 16:45:00,Chance Showers And Thunderstorms,79,1
2020-08-31 17:00:00,Chance Showers And Thunderstorms,79,1
2020-08-31 17:15:00,Chance Showers And Thunderstorms,79,1
2020-08-31 17:30:00,Chance Showers And Thunderstorms,79,1
2020-08-31 17:45:00,Chance Showers And Thunderstorms,79,1
2020-08-31 18:00:00,Chance Showers And Thunderstorms,77,1
2020-08-31 18:15:00,Chance Showers And Thunderstorms,77,1
2020-08-31 18:30:00,Chance Showers And Thunderstorms,77,1
2020-08-31 18:45:00,Chance Showers And Thunderstorms,77,1
2020-08-31 19:00:00,Chance Showers And Thunderstorms,76,1
2020-08-31 19:15:00,Chance Showers And Thunderstorms,76,1
2020-08-31 19:30:00,Chance Showers And Thunderstorms,76,1
2020-08-31 19:45:00,Chance Showers And Thunderstorms,76,1
2020-08-31 20:00:00,Showers And Thunderstorms Likely,74,1
2020-08-31 20:15:00,Showers And Thunderstorms Likely,74,1
2020-08-31 20:30:00,Showers And Thunderstorms Likely,74,1
2020-08-31 20:45:00,Showers And Thunderstorms Likely,74,1
2020-08-31 21:00:00,Showers And Thunderstorms Likely,73,1
2020-08-31 21:15:00,Showers And Thunderstorms Likely,73,1
2020-08-31 21:30:00,Showers And Thunderstorms Likely,73,1
2020-08-31 21:45:00,Showers And Thunderstorms Likely,73,1
2020-08-31 22:00:00,Showers And Thunderstorms Likely,72,1
2020-08-31 22:15:00,Showers And Thunderstorms Likely,72,1
2020-08-31 22:30:00,Showers And Thunderstorms Likely,72,1
2020-08-31 22:45:00,Showers And Thunderstorms Likely,72,1
2020-08-31 23:00:00,Showers And Thunderstorms Likely,72,1
2020-08-31 23:15:00,Showers And Thunderstorms Likely,72,1
2020-08-31 23:30:00,Showers And Thunderstorms Likely,72,1
2020-08-31 23:45:00,Showers And Thunderstorms Likely,72,1
2020-09-01 00:15:00,Patchy Fog,71,1
2020-09-01 00:30:00,Patchy Fog,71,1
2020-09-01 00:45:00,Patchy Fog,71,1
2020-09-01 00:00:00,Patchy Fog,71,1
2020-09-01 01:00:00,Patchy Fog,71,1
2020-09-01 01:15:00,Patchy Fog,71,1
2020-09-01 01:30:00,Patchy Fog,71,1
2020-09-01 01:45:00,Patchy Fog,71,1
2020-09-01 02:00:00,Patchy Fog,71,1
2020-09-01 02:15:00,Patchy Fog,71,1
2020-09-01 02:30:00,Patchy Fog,71,1
2020-09-01 02:45:00,Patchy Fog,71,1
2020-09-01 03:00:00,Patchy Fog,71,1
2020-09-01 03:15:00,Patchy Fog,71,1
2020-09-01 03:30:00,Patchy Fog,71,1
2020-09-01 03:45:00,Patchy Fog,71,1
2020-09-01 04:00:00,Patchy Fog,71,1
2020-09-01 04:15:00,Patchy Fog,71,1
2020-09-01 04:30:00,Patchy Fog,71,1
2020-09-01 04:45:00,Patchy Fog,71,1
2020-09-01 05:00:00,Patchy Fog,71,1
2020-09-01 05:15:00,Patchy Fog,71,1
2020-09-01 05:30:00,Patchy Fog,71,1
2020-09-01 05:45:00,Patchy Fog,71,1
2020-09-01 06:00:00,Patchy Fog,70,1
2020-09-01 06:15:00,Patchy Fog,70,1
2020-09-01 06:30:00,Patchy Fog,70,1
2020-09-01 06:45:00,Patchy Fog,70,1
2020-09-01 07:00:00,Patchy Fog,70,1
2020-09-01 07:15:00,Patchy Fog,70,1
2020-09-01 07:30:00,Patchy Fog,70,1
2020-09-01 07:45:00,Patchy Fog,70,1
2020-09-01 08:00:00,Chance Rain Showers,71,1
2020-09-01 08:15:00,Chance Rain Showers,71,1
2020-09-01 08:30:00,Chance Rain Showers,71,1
2020-09-01 08:45:00,Chance Rain Showers,71,1
2020-09-01 09:00:00,Chance Rain Showers,73,1
2020-09-01 09:15:00,Chance Rain Showers,73,1
2020-09-01 09:30:00,Chance Rain Showers,73,1
2020-09-01 09:45:00,Chance Rain Showers,73,1
2020-09-01 10:00:00,Chance Rain Showers,75,0
2020-09-01 10:15:00,Chance Rain Showers,75,0
2020-09-01 10:30:00,Chance Rain Showers,75,0
2020-09-01 10:45:00,Chance Rain Showers,75,1
2020-09-01 11:00:00,Chance Rain Showers,77,1
2020-09-01 11:15:00,Chance Rain Showers,77,1
2020-09-01 11:30:00,Chance Rain Showers,77,1
2020-09-01 11:45:00,Chance Rain Showers,77,1
2020-09-01 12:00:00,Chance Rain Showers,79,1
2020-09-01 12:15:00,Chance Rain Showers,79,1
2020-09-01 12:30:00,Chance Rain Showers,79,1
2020-09-01 12:45:00,Chance Rain Showers,79,1
2020-09-01 13:00:00,Chance Rain Showers,80,0
2020-09-01 13:15:00,Chance Rain Showers,80,0
2020-09-01 13:30:00,Chance Rain Showers,80,0
2020-09-01 13:45:00,Chance Rain Showers,80,0
2020-09-01 14:00:00,Chance Showers And Thunderstorms,81,0
2020-09-01 14:15:00,Chance Showers And Thunderstorms,81,1
2020-09-01 14:30:00,Chance Showers And Thunderstorms,81,1
2020-09-01 14:45:00,Chance Showers And Thunderstorms,81,1
2020-09-01 15:00:00,Chance Showers And Thunderstorms,81,1
2020-09-01 15:15:00,Chance Showers And Thunderstorms,81,1
2020-09-01 15:30:00,Chance Showers And Thunderstorms,81,1
2020-09-01 15:45:00,Chance Showers And Thunderstorms,81,1
2020-09-01 16:00:00,Chance Showers And Thunderstorms,81,0
2020-09-01 16:15:00,Chance Showers And Thunderstorms,81,0
2020-09-01 16:30:00,Chance Showers And Thunderstorms,81,0
2020-09-01 16:45:00,Chance Showers And Thunderstorms,81,1
2020-09-01 17:00:00,Chance Showers And Thunderstorms,80,1
2020-09-01 17:15:00,Chance Showers And Thunderstorms,80,1
2020-09-01 17:30:00,Chance Showers And Thunderstorms,80,1
2020-09-01 17:45:00,Chance Showers And Thunderstorms,80,1
2020-09-01 18:00:00,Chance Showers And Thunderstorms,79,1
2020-09-01 18:15:00,Chance Showers And Thunderstorms,79,1
2020-09-01 18:30:00,Chance Showers And Thunderstorms,79,1
2020-09-01 18:45:00,Chance Showers And Thunderstorms,79,1
2020-09-01 19:00:00,Chance Showers And Thunderstorms,77,1
2020-09-01 19:15:00,Chance Showers And Thunderstorms,77,1
2020-09-01 19:30:00,Chance Showers And Thunderstorms,77,1
2020-09-01 19:45:00,Chance Showers And Thunderstorms,77,1
2020-09-01 20:00:00,Slight Chance Rain Showers,76,1
2020-09-01 20:15:00,Slight Chance Rain Showers,76,1
2020-09-01 20:30:00,Slight Chance Rain Showers,76,1
2020-09-01 20:45:00,Slight Chance Rain Showers,76,1
2020-09-01 21:00:00,Slight Chance Rain Showers,75,1
2020-09-01 21:15:00,Slight Chance Rain Showers,75,1
2020-09-01 21:30:00,Slight Chance Rain Showers,75,1
2020-09-01 21:45:00,Slight Chance Rain Showers,75,1
2020-09-01 22:00:00,Slight Chance Rain Showers,74,1
2020-09-01 22:15:00,Slight Chance Rain Showers,74,1
2020-09-01 22:30:00,Slight Chance Rain Showers,74,1
2020-09-01 22:45:00,Slight Chance Rain Showers,74,1
2020-09-01 23:00:00,Slight Chance Rain Showers,74,1
2020-09-01 23:15:00,Slight Chance Rain Showers,74,1
2020-09-01 23:30:00,Slight Chance Rain Showers,74,1
2020-09-01 23:45:00,Slight Chance Rain Showers,74,1
2020-09-02 00:15:00,Slight Chance Rain Showers,74,1
2020-09-02 00:30:00,Slight Chance Rain Showers,74,1
2020-09-02 00:45:00,Slight Chance Rain Showers,74,1
2020-09-02 00:00:00,Slight Chance Rain Showers,74,1
2020-09-02 01:00:00,Patchy Fog,74,1
2020-09-02 01:15:00,Patchy Fog,74,1
2020-09-02 01:30:00,Patchy Fog,74,1
2020-09-02 01:45:00,Patchy Fog,74,1
2020-09-02 02:00:00,Patchy Fog,74,1
2020-09-02 02:15:00,Patchy Fog,74,1
2020-09-02 02:30:00,Patchy Fog,74,1
2020-09-02 02:45:00,Patchy Fog,74,1
2020-09-02 03:00:00,Patchy Fog,73,1
2020-09-02 03:15:00,Patchy Fog,73,1
2020-09-02 03:30:00,Patchy Fog,73,1
2020-09-02 03:45:00,Patchy Fog,73,1
2020-09-02 04:00:00,Patchy Fog,73,1
2020-09-02 04:15:00,Patchy Fog,73,1
2020-09-02 04:30:00,Patchy Fog,73,1
2020-09-02 04:45:00,Patchy Fog,73,1
2020-09-02 05:00:00,Patchy Fog,73,1
2020-09-02 05:15:00,Patchy Fog,73,1
2020-09-02 05:30:00,Patchy Fog,73,1
2020-09-02 05:45:00,Patchy Fog,73,1
2020-09-02 06:00:00,Patchy Fog,73,1
2020-09-02 06:15:00,Patchy Fog,73,1
2020-09-02 06:30:00,Patchy Fog,73,1
2020-09-02 06:45:00,Patchy Fog,73,1
2020-09-02 07:00:00,Patchy Fog,73,1
2020-09-02 07:15:00,Patchy Fog,73,1
2020-09-02 07:30:00,Patchy Fog,73,1
2020-09-02 07:45:00,Patchy Fog,73,1
2020-09-02 08:00:00,Chance Rain Showers,74,1
2020-09-02 08:15:00,Chance Rain Showers,74,1
2020-09-02 08:30:00,Chance Rain Showers,74,1
2020-09-02 08:45:00,Chance Rain Showers,74,1
2020-09-02 09:00:00,Chance Rain Showers,76,0
2020-09-02 09:15:00,Chance Rain Showers,76,0
2020-09-02 09:30:00,Chance Rain Showers,76,0
2020-09-02 09:45:00,Chance Rain Showers,76,0
2020-09-02 10:00:00,Chance Rain Showers,79,0
2020-09-02 10:15:00,Chance Rain Showers,79,0
2020-09-02 10:30:00,Chance Rain Showers,79,0
2020-09-02 10:45:00,Chance Rain Showers,79,0
2020-09-02 11:00:00,Chance Rain Showers,82,0
2020-09-02 11:15:00,Chance Rain Showers,82,1
2020-09-02 11:30:00,Chance Rain Showers,82,1
2020-09-02 11:45:00,Chance Rain Showers,82,1
2020-09-02 12:00:00,Chance Rain Showers,85,1
2020-09-02 12:15:00,Chance Rain Showers,85,1
2020-09-02 12:30:00,Chance Rain Showers,85,0
2020-09-02 12:45:00,Chance Rain Showers,85,0
2020-09-02 13:00:00,Chance Rain Showers,87,0
2020-09-02 13:15:00,Chance Rain Showers,87,0
2020-09-02 13:30:00,Chance Rain Showers,87,0
2020-09-02 13:45:00,Chance Rain Showers,87,1
2020-09-02 14:00:00,Slight Chance Showers And Thunderstorms,88,1
2020-09-02 14:15:00,Slight Chance Showers And Thunderstorms,88,1
2020-09-02 14:30:00,Slight Chance Showers And Thunderstorms,88,1
2020-09-02 14:45:00,Slight Chance Showers And Thunderstorms,88,1
2020-09-02 15:00:00,Slight Chance Showers And Thunderstorms,89,1
2020-09-02 15:15:00,Slight Chance Showers And Thunderstorms,89,1
2020-09-02 15:30:00,Slight Chance Showers And Thunderstorms,89,1
2020-09-02 15:45:00,Slight Chance Showers And Thunderstorms,89,1
2020-09-02 16:00:00,Slight Chance Showers And Thunderstorms,90,1
2020-09-02 16:15:00,Slight Chance Showers And Thunderstorms,90,1
2020-09-02 16:30:00,Slight Chance Showers And Thunderstorms,90,1
2020-09-02 16:45:00,Slight Chance Showers And Thunderstorms,90,1
2020-09-02 17:00:00,Chance Showers And Thunderstorms,89,0
2020-09-02 17:15:00,Chance Showers And Thunderstorms,89,0
2020-09-02 17:30:00,Chance Showers And Thunderstorms,89,0
2020-09-02 17:45:00,Chance Showers And Thunderstorms,89,1
2020-09-02 18:00:00,Chance Showers And Thunderstorms,87,1
2020-09-02 18:15:00,Chance Showers And Thunderstorms,87,1
2020-09-02 18:30:00,Chance Showers And Thunderstorms,87,1
2020-09-02 18:45:00,Chance Showers And Thunderstorms,87,1
2020-09-02 19:00:00,Chance Showers And Thunderstorms,85,1
2020-09-02 19:15:00,Chance Showers And Thunderstorms,85,1
2020-09-02 19:30:00,Chance Showers And Thunderstorms,85,1
2020-09-02 19:45:00,Chance Showers And Thunderstorms,85,1
2020-09-02 20:00:00,Chance Showers And Thunderstorms,82,1
2020-09-02 20:15:00,Chance Showers And Thunderstorms,82,1
2020-09-02 20:30:00,Chance Showers And Thunderstorms,82,1
2020-09-02 20:45:00,Chance Showers And Thunderstorms,82,1
2020-09-02 21:00:00,Chance Showers And Thunderstorms,80,1
2020-09-02 21:15:00,Chance Showers And Thunderstorms,80,1
2020-09-02 21:30:00,Chance Showers And Thunderstorms,80,1
2020-09-02 21:45:00,Chance Showers And Thunderstorms,80,1
2020-09-02 22:00:00,Chance Showers And Thunderstorms,79,1
2020-09-02 22:15:00,Chance Showers And Thunderstorms,79,1
2020-09-02 22:30:00,Chance Showers And Thunderstorms,79,1
2020-09-02 22:45:00,Chance Showers And Thunderstorms,79,1
2020-09-02 23:00:00,Chance Rain Showers,79,1
2020-09-02 23:15:00,Chance Rain Showers,79,1
2020-09-02 23:30:00,Chance Rain Showers,79,1
2020-09-02 23:45:00,Chance Rain Showers,79,1
2020-09-03 00:15:00,Slight Chance Showers And Thunderstorms,79,1
2020-09-03 00:30:00,Slight Chance Showers And Thunderstorms,79,1
2020-09-03 00:45:00,Slight Chance Showers And Thunderstorms,79,1
2020-09-03 00:00:00,Slight Chance Showers And Thunderstorms,79,1
2020-09-03 01:00:00,Slight Chance Showers And Thunderstorms,78,1
2020-09-03 01:15:00,Slight Chance Showers And Thunderstorms,78,1
2020-09-03 01:30:00,Slight Chance Showers And Thunderstorms,78,1
2020-09-03 01:45:00,Slight Chance Showers And Thunderstorms,78,1
2020-09-03 02:00:00,Mostly Clear,77,1
2020-09-03 02:15:00,Mostly Clear,77,1
2020-09-03 02:30:00,Mostly Clear,77,1
2020-09-03 02:45:00,Mostly Clear,77,1
2020-09-03 03:00:00,Mostly Clear,77,1
2020-09-03 03:15:00,Mostly Clear,77,1
2020-09-03 03:30:00,Mostly Clear,77,1
2020-09-03 03:45:00,Mostly Clear,77,1
2020-09-03 04:00:00,Mostly Clear,76,1
2020-09-03 04:15:00,Mostly Clear,76,1
2020-09-03 04:30:00,Mostly Clear,76,1
2020-09-03 04:45:00,Mostly Clear,76,1
2020-09-03 05:00:00,Mostly Clear,76,1
2020-09-03 05:15:00,Mostly Clear,76,1
2020-09-03 05:30:00,Mostly Clear,76,1
2020-09-03 05:45:00,Mostly Clear,76,1
2020-09-03 06:00:00,Sunny,75,1
2020-09-03 06:15:00,Sunny,75,1
2020-09-03 06:30:00,Sunny,75,1
2020-09-03 06:45:00,Sunny,75,1
2020-09-03 07:00:00,Sunny,75,1
2020-09-03 07:15:00,Sunny,75,1
2020-09-03 07:30:00,Sunny,75,1
2020-09-03 07:45:00,Sunny,75,1
2020-09-03 08:00:00,Sunny,76,1
2020-09-03 08:15:00,Sunny,76,1
2020-09-03 08:30:00,Sunny,76,1
2020-09-03 08:45:00,Sunny,76,1
2020-09-03 09:00:00,Sunny,79,1
2020-09-03 09:15:00,Sunny,79,1
2020-09-03 09:30:00,Sunny,79,1
2020-09-03 09:45:00,Sunny,79,1
2020-09-03 10:00:00,Sunny,83,0
2020-09-03 10:15:00,Sunny,83,0
2020-09-03 10:30:00,Sunny,83,0
2020-09-03 10:45:00,Sunny,83,1
2020-09-03 11:00:00,Sunny,87,1
2020-09-03 11:15:00,Sunny,87,1
2020-09-03 11:30:00,Sunny,87,1
2020-09-03 11:45:00,Sunny,87,1
2020-09-03 12:00:00,Sunny,90,1
2020-09-03 12:15:00,Sunny,90,1
2020-09-03 12:30:00,Sunny,90,1
2020-09-03 12:45:00,Sunny,90,1
2020-09-03 13:00:00,Sunny,92,1
2020-09-03 13:15:00,Sunny,92,1
2020-09-03 13:30:00,Sunny,92,1
2020-09-03 13:45:00,Sunny,92,1
2020-09-03 14:00:00,Sunny,94,0
2020-09-03 14:15:00,Sunny,94,0
2020-09-03 14:30:00,Sunny,94,0
2020-09-03 14:45:00,Sunny,94,0
2020-09-03 15:00:00,Sunny,95,0
2020-09-03 15:15:00,Sunny,95,1
2020-09-03 15:30:00,Sunny,95,1
2020-09-03 15:45:00,Sunny,95,1
2020-09-03 16:00:00,Sunny,95,1
2020-09-03 16:15:00,Sunny,95,1
2020-09-03 16:30:00,Sunny,95,1
2020-09-03 16:45:00,Sunny,95,1
2020-09-03 17:00:00,Chance Showers And Thunderstorms,95,0
2020-09-03 17:15:00,Chance Showers And Thunderstorms,95,0
2020-09-03 17:30:00,Chance Showers And Thunderstorms,95,0
2020-09-03 17:45:00,Chance Showers And Thunderstorms,95,0
2020-09-03 18:00:00,Chance Showers And Thunderstorms,92,0
2020-09-03 18:15:00,Chance Showers And Thunderstorms,92,1
2020-09-03 18:30:00,Chance Showers And Thunderstorms,92,1
2020-09-03 18:45:00,Chance Showers And Thunderstorms,92,1
2020-09-03 19:00:00,Chance Showers And Thunderstorms,89,1
2020-09-03 19:15:00,Chance Showers And Thunderstorms,89,1
2020-09-03 19:30:00,Chance Showers And Thunderstorms,89,1
2020-09-03 19:45:00,Chance Showers And Thunderstorms,89,1
2020-09-03 20:00:00,Chance Showers And Thunderstorms,86,1
2020-09-03 20:15:00,Chance Showers And Thunderstorms,86,1
2020-09-03 20:30:00,Chance Showers And Thunderstorms,86,1
2020-09-03 20:45:00,Chance Showers And Thunderstorms,86,1
2020-09-03 21:00:00,Chance Showers And Thunderstorms,84,1
2020-09-03 21:15:00,Chance Showers And Thunderstorms,84,1
2020-09-03 21:30:00,Chance Showers And Thunderstorms,84,1
2020-09-03 21:45:00,Chance Showers And Thunderstorms,84,1
2020-09-03 22:00:00,Chance Showers And Thunderstorms,82,1
2020-09-03 22:15:00,Chance Showers And Thunderstorms,82,1
2020-09-03 22:30:00,Chance Showers And Thunderstorms,82,1
2020-09-03 22:45:00,Chance Showers And Thunderstorms,82,1
2020-09-03 23:00:00,Partly Cloudy,80,1
2020-09-03 23:15:00,Partly Cloudy,80,1
2020-09-03 23:30:00,Partly Cloudy,80,1
2020-09-03 23:45:00,Partly Cloudy,80,1
2020-09-04 00:15:00,Partly Cloudy,81,1
2020-09-04 00:30:00,Partly Cloudy,81,1
2020-09-04 00:45:00,Partly Cloudy,81,1
2020-09-04 00:00:00,Partly Cloudy,81,1
2020-09-04 01:00:00,Partly Cloudy,80,1
2020-09-04 01:15:00,Partly Cloudy,80,1
2020-09-04 01:30:00,Partly Cloudy,80,1
2020-09-04 01:45:00,Partly Cloudy,80,1
2020-09-04 02:00:00,Mostly Clear,79,1
2020-09-04 02:15:00,Mostly Clear,79,1
2020-09-04 02:30:00,Mostly Clear,79,1
2020-09-04 02:45:00,Mostly Clear,79,1
2020-09-04 03:00:00,Mostly Clear,78,1
2020-09-04 03:15:00,Mostly Clear,78,1
2020-09-04 03:30:00,Mostly Clear,78,1
2020-09-04 03:45:00,Mostly Clear,78,1
2020-09-04 04:00:00,Mostly Clear,77,1
2020-09-04 04:15:00,Mostly Clear,77,1
2020-09-04 04:30:00,Mostly Clear,77,1
2020-09-04 04:45:00,Mostly Clear,77,1
2020-09-04 05:00:00,Mostly Clear,77,1
2020-09-04 05:15:00,Mostly Clear,77,1
2020-09-04 05:30:00,Mostly Clear,77,1
2020-09-04 05:45:00,Mostly Clear,77,1
2020-09-04 06:00:00,Sunny,76,1
2020-09-04 06:15:00,Sunny,76,1
2020-09-04 06:30:00,Sunny,76,1
2020-09-04 06:45:00,Sunny,76,1
2020-09-04 07:00:00,Sunny,75,1
2020-09-04 07:15:00,Sunny,75,1
2020-09-04 07:30:00,Sunny,75,1
2020-09-04 07:45:00,Sunny,75,1
2020-09-04 08:00:00,Sunny,76,1
2020-09-04 08:15:00,Sunny,76,1
2020-09-04 08:30:00,Sunny,76,1
2020-09-04 08:45:00,Sunny,76,1
2020-09-04 09:00:00,Sunny,80,1
2020-09-04 09:15:00,Sunny,80,1
2020-09-04 09:30:00,Sunny,80,1
2020-09-04 09:45:00,Sunny,80,1
2020-09-04 10:00:00,Sunny,82,1
2020-09-04 10:15:00,Sunny,82,1
2020-09-04 10:30:00,Sunny,82,1
2020-09-04 10:45:00,Sunny,82,1
2020-09-04 11:00:00,Sunny,85,0
2020-09-04 11:15:00,Sunny,85,0
2020-09-04 11:30:00,Sunny,85,0
2020-09-04 11:45:00,Sunny,85,1
2020-09-04 12:00:00,Sunny,87,1
2020-09-04 12:15:00,Sunny,87,1
2020-09-04 12:30:00,Sunny,87,1
2020-09-04 12:45:00,Sunny,87,1
2020-09-04 13:00:00,Sunny,89,1
2020-09-04 13:15:00,Sunny,89,1
2020-09-04 13:30:00,Sunny,89,0
2020-09-04 13:45:00,Sunny,89,0
2020-09-04 14:00:00,Slight Chance Showers And Thunderstorms,89,0
2020-09-04 14:15:00,Slight Chance Showers And Thunderstorms,89,1
2020-09-04 14:30:00,Slight Chance Showers And Thunderstorms,89,0
2020-09-04 14:45:00,Slight Chance Showers And Thunderstorms,89,0
2020-09-04 15:00:00,Slight Chance Showers And Thunderstorms,89,0
2020-09-04 15:15:00,Slight Chance Showers And Thunderstorms,89,0
2020-09-04 15:30:00,Slight Chance Showers And Thunderstorms,89,0
2020-09-04 15:45:00,Slight Chance Showers And Thunderstorms,89,1
2020-09-04 16:00:00,Slight Chance Showers And Thunderstorms,90,0
2020-09-04 16:15:00,Slight Chance Showers And Thunderstorms,90,0
2020-09-04 16:30:00,Slight Chance Showers And Thunderstorms,90,0
2020-09-04 16:45:00,Slight Chance Showers And Thunderstorms,90,1
2020-09-04 17:00:00,Slight Chance Showers And Thunderstorms,89,1
2020-09-04 17:15:00,Slight Chance Showers And Thunderstorms,89,1
2020-09-04 17:30:00,Slight Chance Showers And Thunderstorms,89,1
2020-09-04 17:45:00,Slight Chance Showers And Thunderstorms,89,1
2020-09-04 18:00:00,Slight Chance Showers And Thunderstorms,88,1
2020-09-04 18:15:00,Slight Chance Showers And Thunderstorms,88,1
2020-09-04 18:30:00,Slight Chance Showers And Thunderstorms,88,1
2020-09-04 18:45:00,Slight Chance Showers And Thunderstorms,88,1
2020-09-04 19:00:00,Slight Chance Showers And Thunderstorms,84,1
2020-09-04 19:15:00,Slight Chance Showers And Thunderstorms,84,1
2020-09-04 19:30:00,Slight Chance Showers And Thunderstorms,84,1
2020-09-04 19:45:00,Slight Chance Showers And Thunderstorms,84,1
2020-09-04 20:00:00,Mostly Cloudy,80,1
2020-09-04 20:15:00,Mostly Cloudy,80,1
2020-09-04 20:30:00,Mostly Cloudy,80,1
2020-09-04 20:45:00,Mostly Cloudy,80,1
2020-09-04 21:00:00,Mostly Cloudy,77,1
2020-09-04 21:15:00,Mostly Cloudy,77,1
2020-09-04 21:30:00,Mostly Cloudy,77,1
2020-09-04 21:45:00,Mostly Cloudy,77,1
2020-09-04 22:00:00,Partly Cloudy,75,1
2020-09-04 22:15:00,Partly Cloudy,75,1
2020-09-04 22:30:00,Partly Cloudy,75,1
2020-09-04 22:45:00,Partly Cloudy,75,1
2020-09-04 23:00:00,Partly Cloudy,73,1
2020-09-04 23:15:00,Partly Cloudy,73,1
2020-09-04 23:30:00,Partly Cloudy,73,1
2020-09-04 23:45:00,Partly Cloudy,73,1
2020-09-07 00:15:00,Clear,64,1
2020-09-07 00:30:00,Clear,64,1
2020-09-07 00:45:00,Clear,64,1
2020-09-07 00:00:00,Clear,64,1
2020-09-07 01:00:00,Clear,63,1
2020-09-07 01:15:00,Clear,63,1
2020-09-07 01:30:00,Clear,63,1
2020-09-07 01:45:00,Clear,63,1
2020-09-07 02:00:00,Clear,62,1
2020-09-07 02:15:00,Clear,62,1
2020-09-07 02:30:00,Clear,62,1
2020-09-07 02:45:00,Clear,62,1
2020-09-07 03:00:00,Clear,61,1
2020-09-07 03:15:00,Clear,61,1
2020-09-07 03:30:00,Clear,61,1
2020-09-07 03:45:00,Clear,61,1
2020-09-07 04:00:00,Clear,60,1
2020-09-07 04:15:00,Clear,60,1
2020-09-07 04:30:00,Clear,60,1
2020-09-07 04:45:00,Clear,60,1
2020-09-07 05:00:00,Clear,60,1
2020-09-07 05:15:00,Clear,60,1
2020-09-07 05:30:00,Clear,60,1
2020-09-07 05:45:00,Clear,60,1
2020-09-07 06:00:00,Sunny,60,1
2020-09-07 06:15:00,Sunny,60,1
2020-09-07 06:30:00,Sunny,60,1
2020-09-07 06:45:00,Sunny,60,1
2020-09-07 07:00:00,Sunny,61,1
2020-09-07 07:15:00,Sunny,61,1
2020-09-07 07:30:00,Sunny,61,1
2020-09-07 07:45:00,Sunny,61,1
2020-09-07 08:00:00,Sunny,62,1
2020-09-07 08:15:00,Sunny,62,1
2020-09-07 08:30:00,Sunny,62,1
2020-09-07 08:45:00,Sunny,62,1
2020-09-07 09:00:00,Mostly Sunny,67,1
2020-09-07 09:15:00,Mostly Sunny,67,1
2020-09-07 09:30:00,Mostly Sunny,67,1
2020-09-07 09:45:00,Mostly Sunny,67,1
2020-09-07 10:00:00,Mostly Sunny,74,0
2020-09-07 10:15:00,Mostly Sunny,74,0
2020-09-07 10:30:00,Mostly Sunny,74,0
2020-09-07 10:45:00,Mostly Sunny,74,1
2020-09-07 11:00:00,Mostly Sunny,79,1
2020-09-07 11:15:00,Mostly Sunny,79,1
2020-09-07 11:30:00,Mostly Sunny,79,1
2020-09-07 11:45:00,Mostly Sunny,79,1
2020-09-07 12:00:00,Mostly Sunny,81,1
2020-09-07 12:15:00,Mostly Sunny,81,1
2020-09-07 12:30:00,Mostly Sunny,81,1
2020-09-07 12:45:00,Mostly Sunny,81,1
2020-09-07 13:00:00,Mostly Sunny,82,1
2020-09-07 13:15:00,Mostly Sunny,82,1
2020-09-07 13:30:00,Mostly Sunny,82,1
2020-09-07 13:45:00,Mostly Sunny,82,1
2020-09-07 14:00:00,Mostly Sunny,83,1
2020-09-07 14:15:00,Mostly Sunny,83,1
2020-09-07 14:30:00,Mostly Sunny,83,1
2020-09-07 14:45:00,Mostly Sunny,83,1
2020-09-07 15:00:00,Mostly Sunny,84,1
2020-09-07 15:15:00,Mostly Sunny,84,1
2020-09-07 15:30:00,Mostly Sunny,84,1
2020-09-07 15:45:00,Mostly Sunny,84,1
2020-09-07 16:00:00,Mostly Sunny,84,1
2020-09-07 16:15:00,Mostly Sunny,84,1
2020-09-07 16:30:00,Mostly Sunny,84,1
2020-09-07 16:45:00,Mostly Sunny,84,1
2020-09-07 17:00:00,Mostly Sunny,84,1
2020-09-07 17:15:00,Mostly Sunny,84,1
2020-09-07 17:30:00,Mostly Sunny,84,1
2020-09-07 17:45:00,Mostly Sunny,84,1
2020-09-07 18:00:00,Partly Cloudy,82,1
2020-09-07 18:15:00,Partly Cloudy,82,1
2020-09-07 18:30:00,Partly Cloudy,82,1
2020-09-07 18:45:00,Partly Cloudy,82,1
2020-09-07 19:00:00,Partly Cloudy,79,1
2020-09-07 19:15:00,Partly Cloudy,79,1
2020-09-07 19:30:00,Partly Cloudy,79,1
2020-09-07 19:45:00,Partly Cloudy,79,1
2020-09-07 20:00:00,Partly Cloudy,76,1
2020-09-07 20:15:00,Partly Cloudy,76,1
2020-09-07 20:30:00,Partly Cloudy,76,1
2020-09-07 20:45:00,Partly Cloudy,76,1
2020-09-07 21:00:00,Partly Cloudy,73,1
2020-09-07 21:15:00,Partly Cloudy,73,1
2020-09-07 21:30:00,Partly Cloudy,73,1
2020-09-07 21:45:00,Partly Cloudy,73,1
2020-09-07 22:00:00,Partly Cloudy,71,1
2020-09-07 22:15:00,Partly Cloudy,71,1
2020-09-07 22:30:00,Partly Cloudy,71,1
2020-09-07 22:45:00,Partly Cloudy,71,1
2020-09-07 23:00:00,Partly Cloudy,69,1
2020-09-07 23:15:00,Partly Cloudy,69,1
2020-09-07 23:30:00,Partly Cloudy,69,1
2020-09-07 23:45:00,Partly Cloudy,69,1
2020-09-08 00:15:00,Mostly Clear,68,1
2020-09-08 00:30:00,Mostly Clear,68,1
2020-09-08 00:45:00,Mostly Clear,68,1
2020-09-08 00:00:00,Mostly Clear,68,1
2020-09-08 01:00:00,Mostly Clear,68,1
2020-09-08 01:15:00,Mostly Clear,68,1
2020-09-08 01:30:00,Mostly Clear,68,1
2020-09-08 01:45:00,Mostly Clear,68,1
2020-09-08 02:00:00,Mostly Clear,67,1
2020-09-08 02:15:00,Mostly Clear,67,1
2020-09-08 02:30:00,Mostly Clear,67,1
2020-09-08 02:45:00,Mostly Clear,67,1
2020-09-08 03:00:00,Partly Cloudy,67,1
2020-09-08 03:15:00,Partly Cloudy,67,1
2020-09-08 03:30:00,Partly Cloudy,67,1
2020-09-08 03:45:00,Partly Cloudy,67,1
2020-09-08 04:00:00,Patchy Fog,67,1
2020-09-08 04:15:00,Patchy Fog,67,1
2020-09-08 04:30:00,Patchy Fog,67,1
2020-09-08 04:45:00,Patchy Fog,67,1
2020-09-08 05:00:00,Patchy Fog,67,1
2020-09-08 05:15:00,Patchy Fog,67,1
2020-09-08 05:30:00,Patchy Fog,67,1
2020-09-08 05:45:00,Patchy Fog,67,1
2020-09-08 06:00:00,Patchy Fog,68,1
2020-09-08 06:15:00,Patchy Fog,68,1
2020-09-08 06:30:00,Patchy Fog,68,1
2020-09-08 06:45:00,Patchy Fog,68,1
2020-09-08 07:00:00,Patchy Fog,68,1
2020-09-08 07:15:00,Patchy Fog,68,1
2020-09-08 07:30:00,Patchy Fog,68,1
2020-09-08 07:45:00,Patchy Fog,68,1
2020-09-08 08:00:00,Partly Sunny,70,1
2020-09-08 08:15:00,Partly Sunny,70,1
2020-09-08 08:30:00,Partly Sunny,70,1
2020-09-08 08:45:00,Partly Sunny,70,1
2020-09-08 09:00:00,Partly Sunny,72,1
2020-09-08 09:15:00,Partly Sunny,72,1
2020-09-08 09:30:00,Partly Sunny,72,1
2020-09-08 09:45:00,Partly Sunny,72,1
2020-09-08 10:00:00,Partly Sunny,76,0
2020-09-08 10:15:00,Partly Sunny,76,0
2020-09-08 10:30:00,Partly Sunny,76,0
2020-09-08 10:45:00,Partly Sunny,76,1
2020-09-08 11:00:00,Partly Sunny,80,1
2020-09-08 11:15:00,Partly Sunny,80,1
2020-09-08 11:30:00,Partly Sunny,80,1
2020-09-08 11:45:00,Partly Sunny,80,1
2020-09-08 12:00:00,Partly Sunny,82,0
2020-09-08 12:15:00,Partly Sunny,82,0
2020-09-08 12:30:00,Partly Sunny,82,0
2020-09-08 12:45:00,Partly Sunny,82,0
2020-09-08 13:00:00,Partly Sunny,83,0
2020-09-08 13:15:00,Partly Sunny,83,1
2020-09-08 13:30:00,Partly Sunny,83,1
2020-09-08 13:45:00,Partly Sunny,83,1
2020-09-08 14:00:00,Slight Chance Showers And Thunderstorms,84,1
2020-09-08 14:15:00,Slight Chance Showers And Thunderstorms,84,1
2020-09-08 14:30:00,Slight Chance Showers And Thunderstorms,84,1
2020-09-08 14:45:00,Slight Chance Showers And Thunderstorms,84,1
2020-09-08 15:00:00,Slight Chance Showers And Thunderstorms,84,1
2020-09-08 15:15:00,Slight Chance Showers And Thunderstorms,84,1
2020-09-08 15:30:00,Slight Chance Showers And Thunderstorms,84,1
2020-09-08 15:45:00,Slight Chance Showers And Thunderstorms,84,1
2020-09-08 16:00:00,Slight Chance Showers And Thunderstorms,83,0
2020-09-08 16:15:00,Slight Chance Showers And Thunderstorms,83,0
2020-09-08 16:30:00,Slight Chance Showers And Thunderstorms,83,0
2020-09-08 16:45:00,Slight Chance Showers And Thunderstorms,83,0
2020-09-08 17:00:00,Slight Chance Showers And Thunderstorms,82,0
2020-09-08 17:15:00,Slight Chance Showers And Thunderstorms,82,1
2020-09-08 17:30:00,Slight Chance Showers And Thunderstorms,82,1
2020-09-08 17:45:00,Slight Chance Showers And Thunderstorms,82,1
2020-09-08 18:00:00,Mostly Cloudy,80,1
2020-09-08 18:15:00,Mostly Cloudy,80,1
2020-09-08 18:30:00,Mostly Cloudy,80,1
2020-09-08 18:45:00,Mostly Cloudy,80,1
2020-09-08 19:00:00,Partly Cloudy,77,1
2020-09-08 19:15:00,Partly Cloudy,77,1
2020-09-08 19:30:00,Partly Cloudy,77,1
2020-09-08 19:45:00,Partly Cloudy,77,1
2020-09-08 20:00:00,Slight Chance Rain Showers,75,1
2020-09-08 20:15:00,Slight Chance Rain Showers,75,1
2020-09-08 20:30:00,Slight Chance Rain Showers,75,1
2020-09-08 20:45:00,Slight Chance Rain Showers,75,1
2020-09-08 21:00:00,Slight Chance Rain Showers,73,1
2020-09-08 21:15:00,Slight Chance Rain Showers,73,1
2020-09-08 21:30:00,Slight Chance Rain Showers,73,1
2020-09-08 21:45:00,Slight Chance Rain Showers,73,1
2020-09-08 22:00:00,Slight Chance Rain Showers,73,1
2020-09-08 22:15:00,Slight Chance Rain Showers,73,1
2020-09-08 22:30:00,Slight Chance Rain Showers,73,1
2020-09-08 22:45:00,Slight Chance Rain Showers,73,1
2020-09-08 23:00:00,Slight Chance Rain Showers,72,1
2020-09-08 23:15:00,Slight Chance Rain Showers,72,1
2020-09-08 23:30:00,Slight Chance Rain Showers,72,1
2020-09-08 23:45:00,Slight Chance Rain Showers,72,1
2020-09-09 00:15:00,Slight Chance Rain Showers,72,1
2020-09-09 00:30:00,Slight Chance Rain Showers,72,1
2020-09-09 00:45:00,Slight Chance Rain Showers,72,1
2020-09-09 00:00:00,Slight Chance Rain Showers,72,1
2020-09-09 01:00:00,Slight Chance Rain Showers,72,1
2020-09-09 01:15:00,Slight Chance Rain Showers,72,1
2020-09-09 01:30:00,Slight Chance Rain Showers,72,1
2020-09-09 01:45:00,Slight Chance Rain Showers,72,1
2020-09-09 02:00:00,Slight Chance Rain Showers,72,1
2020-09-09 02:15:00,Slight Chance Rain Showers,72,1
2020-09-09 02:30:00,Slight Chance Rain Showers,72,1
2020-09-09 02:45:00,Slight Chance Rain Showers,72,1
2020-09-09 03:00:00,Slight Chance Rain Showers,71,1
2020-09-09 03:15:00,Slight Chance Rain Showers,71,1
2020-09-09 03:30:00,Slight Chance Rain Showers,71,1
2020-09-09 03:45:00,Slight Chance Rain Showers,71,1
2020-09-09 04:00:00,Slight Chance Rain Showers,71,1
2020-09-09 04:15:00,Slight Chance Rain Showers,71,1
2020-09-09 04:30:00,Slight Chance Rain Showers,71,1
2020-09-09 04:45:00,Slight Chance Rain Showers,71,1
2020-09-09 05:00:00,Slight Chance Rain Showers,71,1
2020-09-09 05:15:00,Slight Chance Rain Showers,71,1
2020-09-09 05:30:00,Slight Chance Rain Showers,71,1
2020-09-09 05:45:00,Slight Chance Rain Showers,71,1
2020-09-09 06:00:00,Slight Chance Rain Showers,71,1
2020-09-09 06:15:00,Slight Chance Rain Showers,71,1
2020-09-09 06:30:00,Slight Chance Rain Showers,71,1
2020-09-09 06:45:00,Slight Chance Rain Showers,71,1
2020-09-09 07:00:00,Slight Chance Rain Showers,70,1
2020-09-09 07:15:00,Slight Chance Rain Showers,70,1
2020-09-09 07:30:00,Slight Chance Rain Showers,70,1
2020-09-09 07:45:00,Slight Chance Rain Showers,70,1
2020-09-09 08:00:00,Chance Rain Showers,70,1
2020-09-09 08:15:00,Chance Rain Showers,70,1
2020-09-09 08:30:00,Chance Rain Showers,70,1
2020-09-09 08:45:00,Chance Rain Showers,70,1
2020-09-09 09:00:00,Chance Rain Showers,71,1
2020-09-09 09:15:00,Chance Rain Showers,71,1
2020-09-09 09:30:00,Chance Rain Showers,71,1
2020-09-09 09:45:00,Chance Rain Showers,71,1
2020-09-09 10:00:00,Chance Rain Showers,72,0
2020-09-09 10:15:00,Chance Rain Showers,72,0
2020-09-09 10:30:00,Chance Rain Showers,72,0
2020-09-09 10:45:00,Chance Rain Showers,72,1
2020-09-09 11:00:00,Chance Rain Showers,74,0
2020-09-09 11:15:00,Chance Rain Showers,74,0
2020-09-09 11:30:00,Chance Rain Showers,74,0
2020-09-09 11:45:00,Chance Rain Showers,74,0
2020-09-09 12:00:00,Chance Rain Showers,75,0
2020-09-09 12:15:00,Chance Rain Showers,75,1
2020-09-09 12:30:00,Chance Rain Showers,75,1
2020-09-09 12:45:00,Chance Rain Showers,75,1
2020-09-09 13:00:00,Chance Rain Showers,76,1
2020-09-09 13:15:00,Chance Rain Showers,76,1
2020-09-09 13:30:00,Chance Rain Showers,76,1
2020-09-09 13:45:00,Chance Rain Showers,76,1
2020-09-09 14:00:00,Showers And Thunderstorms Likely,78,1
2020-09-09 14:15:00,Showers And Thunderstorms Likely,78,1
2020-09-09 14:30:00,Showers And Thunderstorms Likely,78,1
2020-09-09 14:45:00,Showers And Thunderstorms Likely,78,1
2020-09-09 15:00:00,Showers And Thunderstorms Likely,79,1
2020-09-09 15:15:00,Showers And Thunderstorms Likely,79,1
2020-09-09 15:30:00,Showers And Thunderstorms Likely,79,1
2020-09-09 15:45:00,Showers And Thunderstorms Likely,79,1
2020-09-09 16:00:00,Showers And Thunderstorms Likely,80,1
2020-09-09 16:15:00,Showers And Thunderstorms Likely,80,1
2020-09-09 16:30:00,Showers And Thunderstorms Likely,80,1
2020-09-09 16:45:00,Showers And Thunderstorms Likely,80,1
2020-09-09 17:00:00,Showers And Thunderstorms Likely,77,1
2020-09-09 17:15:00,Showers And Thunderstorms Likely,77,1
2020-09-09 17:30:00,Showers And Thunderstorms Likely,77,1
2020-09-09 17:45:00,Showers And Thunderstorms Likely,77,1
2020-09-09 18:00:00,Showers And Thunderstorms Likely,75,1
2020-09-09 18:15:00,Showers And Thunderstorms Likely,75,1
2020-09-09 18:30:00,Showers And Thunderstorms Likely,75,1
2020-09-09 18:45:00,Showers And Thunderstorms Likely,75,1
2020-09-09 19:00:00,Showers And Thunderstorms Likely,72,1
2020-09-09 19:15:00,Showers And Thunderstorms Likely,72,1
2020-09-09 19:30:00,Showers And Thunderstorms Likely,72,1
2020-09-09 19:45:00,Showers And Thunderstorms Likely,72,1
2020-09-09 20:00:00,Chance Rain Showers,71,1
2020-09-09 20:15:00,Chance Rain Showers,71,1
2020-09-09 20:30:00,Chance Rain Showers,71,1
2020-09-09 20:45:00,Chance Rain Showers,71,1
2020-09-09 21:00:00,Chance Rain Showers,74,1
2020-09-09 21:15:00,Chance Rain Showers,74,1
2020-09-09 21:30:00,Chance Rain Showers,74,1
2020-09-09 21:45:00,Chance Rain Showers,74,1
2020-09-09 22:00:00,Chance Rain Showers,73,1
2020-09-09 22:15:00,Chance Rain Showers,73,1
2020-09-09 22:30:00,Chance Rain Showers,73,1
2020-09-09 22:45:00,Chance Rain Showers,73,1
2020-09-09 23:00:00,Chance Rain Showers,73,1
2020-09-09 23:15:00,Chance Rain Showers,73,1
2020-09-09 23:30:00,Chance Rain Showers,73,1
2020-09-09 23:45:00,Chance Rain Showers,73,1
2020-09-05 00:15:00,Partly Cloudy,72,1
2020-09-05 00:30:00,Partly Cloudy,72,1
2020-09-05 00:45:00,Partly Cloudy,72,1
2020-09-05 00:00:00,Partly Cloudy,72,1
2020-09-05 01:00:00,Partly Cloudy,71,1
2020-09-05 01:15:00,Partly Cloudy,71,1
2020-09-05 01:30:00,Partly Cloudy,71,1
2020-09-05 01:45:00,Partly Cloudy,71,1
2020-09-05 02:00:00,Partly Cloudy,71,1
2020-09-05 02:15:00,Partly Cloudy,71,1
2020-09-05 02:30:00,Partly Cloudy,71,1
2020-09-05 02:45:00,Partly Cloudy,71,1
2020-09-05 03:00:00,Partly Cloudy,70,1
2020-09-05 03:15:00,Partly Cloudy,70,1
2020-09-05 03:30:00,Partly Cloudy,70,1
2020-09-05 03:45:00,Partly Cloudy,70,1
2020-09-05 04:00:00,Partly Cloudy,69,1
2020-09-05 04:15:00,Partly Cloudy,69,1
2020-09-05 04:30:00,Partly Cloudy,69,1
2020-09-05 04:45:00,Partly Cloudy,69,1
2020-09-05 05:00:00,Partly Cloudy,68,1
2020-09-05 05:15:00,Partly Cloudy,68,1
2020-09-05 05:30:00,Partly Cloudy,68,1
2020-09-05 05:45:00,Partly Cloudy,68,1
2020-09-05 06:00:00,Mostly Sunny,68,1
2020-09-05 06:15:00,Mostly Sunny,68,1
2020-09-05 06:30:00,Mostly Sunny,68,1
2020-09-05 06:45:00,Mostly Sunny,68,1
2020-09-05 07:00:00,Mostly Sunny,68,1
2020-09-05 07:15:00,Mostly Sunny,68,1
2020-09-05 07:30:00,Mostly Sunny,68,1
2020-09-05 07:45:00,Mostly Sunny,68,1
2020-09-05 08:00:00,Mostly Sunny,69,1
2020-09-05 08:15:00,Mostly Sunny,69,1
2020-09-05 08:30:00,Mostly Sunny,69,1
2020-09-05 08:45:00,Mostly Sunny,69,1
2020-09-05 09:00:00,Sunny,70,1
2020-09-05 09:15:00,Sunny,70,1
2020-09-05 09:30:00,Sunny,70,1
2020-09-05 09:45:00,Sunny,70,1
2020-09-05 10:00:00,Sunny,73,1
2020-09-05 10:15:00,Sunny,73,1
2020-09-05 10:30:00,Sunny,73,1
2020-09-05 10:45:00,Sunny,73,1
2020-09-05 11:00:00,Sunny,75,1
2020-09-05 11:15:00,Sunny,75,1
2020-09-05 11:30:00,Sunny,75,1
2020-09-05 11:45:00,Sunny,75,1
2020-09-05 12:00:00,Sunny,77,1
2020-09-05 12:15:00,Sunny,77,1
2020-09-05 12:30:00,Sunny,77,0
2020-09-05 12:45:00,Sunny,77,0
2020-09-05 13:00:00,Sunny,78,0
2020-09-05 13:15:00,Sunny,78,0
2020-09-05 13:30:00,Sunny,78,0
2020-09-05 13:45:00,Sunny,78,1
2020-09-05 14:00:00,Sunny,79,1
2020-09-05 14:15:00,Sunny,79,1
2020-09-05 14:30:00,Sunny,79,1
2020-09-05 14:45:00,Sunny,79,1
2020-09-05 15:00:00,Sunny,80,1
2020-09-05 15:15:00,Sunny,80,1
2020-09-05 15:30:00,Sunny,80,1
2020-09-05 15:45:00,Sunny,80,1
2020-09-05 16:00:00,Sunny,81,1
2020-09-05 16:15:00,Sunny,81,1
2020-09-05 16:30:00,Sunny,81,1
2020-09-05 16:45:00,Sunny,81,1
2020-09-05 17:00:00,Sunny,80,1
2020-09-05 17:15:00,Sunny,80,1
2020-09-05 17:30:00,Sunny,80,1
2020-09-05 17:45:00,Sunny,80,1
2020-09-05 18:00:00,Mostly Clear,78,1
2020-09-05 18:15:00,Mostly Clear,78,1
2020-09-05 18:30:00,Mostly Clear,78,1
2020-09-05 18:45:00,Mostly Clear,78,1
2020-09-05 19:00:00,Mostly Clear,74,1
2020-09-05 19:15:00,Mostly Clear,74,1
2020-09-05 19:30:00,Mostly Clear,74,1
2020-09-05 19:45:00,Mostly Clear,74,1
2020-09-05 20:00:00,Mostly Clear,71,1
2020-09-05 20:15:00,Mostly Clear,71,1
2020-09-05 20:30:00,Mostly Clear,71,1
2020-09-05 20:45:00,Mostly Clear,71,1
2020-09-05 21:00:00,Mostly Clear,69,1
2020-09-05 21:15:00,Mostly Clear,69,1
2020-09-05 21:30:00,Mostly Clear,69,1
2020-09-05 21:45:00,Mostly Clear,69,1
2020-09-05 22:00:00,Mostly Clear,68,1
2020-09-05 22:15:00,Mostly Clear,68,1
2020-09-05 22:30:00,Mostly Clear,68,1
2020-09-05 22:45:00,Mostly Clear,68,1
2020-09-05 23:00:00,Mostly Clear,67,1
2020-09-05 23:15:00,Mostly Clear,67,1
2020-09-05 23:30:00,Mostly Clear,67,1
2020-09-05 23:45:00,Mostly Clear,67,1
2020-09-10 00:15:00,Chance Rain Showers,72,1
2020-09-10 00:30:00,Chance Rain Showers,72,1
2020-09-10 00:45:00,Chance Rain Showers,72,1
2020-09-10 00:00:00,Chance Rain Showers,72,1
2020-09-10 01:00:00,Chance Rain Showers,72,1
2020-09-10 01:15:00,Chance Rain Showers,72,1
2020-09-10 01:30:00,Chance Rain Showers,72,1
2020-09-10 01:45:00,Chance Rain Showers,72,1
2020-09-10 02:00:00,Slight Chance Rain Showers,72,1
2020-09-10 02:15:00,Slight Chance Rain Showers,72,1
2020-09-10 02:30:00,Slight Chance Rain Showers,72,1
2020-09-10 02:45:00,Slight Chance Rain Showers,72,1
2020-09-10 03:00:00,Slight Chance Rain Showers,72,1
2020-09-10 03:15:00,Slight Chance Rain Showers,72,1
2020-09-10 03:30:00,Slight Chance Rain Showers,72,1
2020-09-10 03:45:00,Slight Chance Rain Showers,72,1
2020-09-10 04:00:00,Slight Chance Rain Showers,72,1
2020-09-10 04:15:00,Slight Chance Rain Showers,72,1
2020-09-10 04:30:00,Slight Chance Rain Showers,72,1
2020-09-10 04:45:00,Slight Chance Rain Showers,72,1
2020-09-10 05:00:00,Slight Chance Rain Showers,72,1
2020-09-10 05:15:00,Slight Chance Rain Showers,72,1
2020-09-10 05:30:00,Slight Chance Rain Showers,72,1
2020-09-10 05:45:00,Slight Chance Rain Showers,72,1
2020-09-10 06:00:00,Slight Chance Rain Showers,72,1
2020-09-10 06:15:00,Slight Chance Rain Showers,72,1
2020-09-10 06:30:00,Slight Chance Rain Showers,72,1
2020-09-10 06:45:00,Slight Chance Rain Showers,72,1
2020-09-10 07:00:00,Slight Chance Rain Showers,72,1
2020-09-10 07:15:00,Slight Chance Rain Showers,72,1
2020-09-10 07:30:00,Slight Chance Rain Showers,72,1
2020-09-10 07:45:00,Slight Chance Rain Showers,72,1
2020-09-10 08:00:00,Chance Rain Showers,72,1
2020-09-10 08:15:00,Chance Rain Showers,72,1
2020-09-10 08:30:00,Chance Rain Showers,72,1
2020-09-10 08:45:00,Chance Rain Showers,72,1
2020-09-10 09:00:00,Chance Rain Showers,73,1
2020-09-10 09:15:00,Chance Rain Showers,73,1
2020-09-10 09:30:00,Chance Rain Showers,73,0
2020-09-10 09:45:00,Chance Rain Showers,73,0
2020-09-10 10:00:00,Chance Rain Showers,76,0
2020-09-10 10:15:00,Chance Rain Showers,76,1
2020-09-10 10:30:00,Chance Rain Showers,76,1
2020-09-10 10:45:00,Chance Rain Showers,76,1
2020-09-10 11:00:00,Chance Showers And Thunderstorms,78,1
2020-09-10 11:15:00,Chance Showers And Thunderstorms,78,1
2020-09-10 11:30:00,Chance Showers And Thunderstorms,78,1
2020-09-10 11:45:00,Chance Showers And Thunderstorms,78,1
2020-09-10 12:00:00,Chance Showers And Thunderstorms,79,1
2020-09-10 12:15:00,Chance Showers And Thunderstorms,79,1
2020-09-10 12:30:00,Chance Showers And Thunderstorms,79,1
2020-09-10 12:45:00,Chance Showers And Thunderstorms,79,1
2020-09-10 13:00:00,Chance Showers And Thunderstorms,81,1
2020-09-10 13:15:00,Chance Showers And Thunderstorms,81,1
2020-09-10 13:30:00,Chance Showers And Thunderstorms,81,1
2020-09-10 13:45:00,Chance Showers And Thunderstorms,81,1
2020-09-10 14:00:00,Chance Showers And Thunderstorms,81,1
2020-09-10 14:15:00,Chance Showers And Thunderstorms,81,1
2020-09-10 14:30:00,Chance Showers And Thunderstorms,81,0
2020-09-10 14:45:00,Chance Showers And Thunderstorms,81,0
2020-09-10 15:00:00,Chance Showers And Thunderstorms,81,0
2020-09-10 15:15:00,Chance Showers And Thunderstorms,81,0
2020-09-10 15:30:00,Chance Showers And Thunderstorms,81,0
2020-09-10 15:45:00,Chance Showers And Thunderstorms,81,1
2020-09-10 16:00:00,Chance Showers And Thunderstorms,81,1
2020-09-10 16:15:00,Chance Showers And Thunderstorms,81,1
2020-09-10 16:30:00,Chance Showers And Thunderstorms,81,1
2020-09-10 16:45:00,Chance Showers And Thunderstorms,81,1
2020-09-10 17:00:00,Chance Showers And Thunderstorms,80,0
2020-09-10 17:15:00,Chance Showers And Thunderstorms,80,0
2020-09-10 17:30:00,Chance Showers And Thunderstorms,80,0
2020-09-10 17:45:00,Chance Showers And Thunderstorms,80,0
2020-09-10 18:00:00,Chance Showers And Thunderstorms,78,0
2020-09-10 18:15:00,Chance Showers And Thunderstorms,78,1
2020-09-10 18:30:00,Chance Showers And Thunderstorms,78,1
2020-09-10 18:45:00,Chance Showers And Thunderstorms,78,1
2020-09-10 19:00:00,Chance Showers And Thunderstorms,79,1
2020-09-10 19:15:00,Chance Showers And Thunderstorms,79,1
2020-09-10 19:30:00,Chance Showers And Thunderstorms,79,1
2020-09-10 19:45:00,Chance Showers And Thunderstorms,79,1
2020-09-10 20:00:00,Chance Showers And Thunderstorms,79,1
2020-09-10 20:15:00,Chance Showers And Thunderstorms,79,1
2020-09-10 20:30:00,Chance Showers And Thunderstorms,79,1
2020-09-10 20:45:00,Chance Showers And Thunderstorms,79,1
2020-09-10 21:00:00,Chance Showers And Thunderstorms,77,1
2020-09-10 21:15:00,Chance Showers And Thunderstorms,77,1
2020-09-10 21:30:00,Chance Showers And Thunderstorms,77,1
2020-09-10 21:45:00,Chance Showers And Thunderstorms,77,1
2020-09-10 22:00:00,Chance Showers And Thunderstorms,76,1
2020-09-10 22:15:00,Chance Showers And Thunderstorms,76,1
2020-09-10 22:30:00,Chance Showers And Thunderstorms,76,1
2020-09-10 22:45:00,Chance Showers And Thunderstorms,76,1
2020-09-10 23:00:00,Chance Showers And Thunderstorms,76,1
2020-09-10 23:15:00,Chance Showers And Thunderstorms,76,1
2020-09-10 23:30:00,Chance Showers And Thunderstorms,76,1
2020-09-10 23:45:00,Chance Showers And Thunderstorms,76,1
2020-09-11 00:15:00,Chance Showers And Thunderstorms,75,1
2020-09-11 00:30:00,Chance Showers And Thunderstorms,75,1
2020-09-11 00:45:00,Chance Showers And Thunderstorms,75,1
2020-09-11 00:00:00,Chance Showers And Thunderstorms,75,1
2020-09-11 01:00:00,Chance Showers And Thunderstorms,75,1
2020-09-11 01:15:00,Chance Showers And Thunderstorms,75,1
2020-09-11 01:30:00,Chance Showers And Thunderstorms,75,1
2020-09-11 01:45:00,Chance Showers And Thunderstorms,75,1
2020-09-11 02:00:00,Chance Rain Showers,75,1
2020-09-11 02:15:00,Chance Rain Showers,75,1
2020-09-11 02:30:00,Chance Rain Showers,75,1
2020-09-11 02:45:00,Chance Rain Showers,75,1
2020-09-11 03:00:00,Chance Rain Showers,75,1
2020-09-11 03:15:00,Chance Rain Showers,75,1
2020-09-11 03:30:00,Chance Rain Showers,75,1
2020-09-11 03:45:00,Chance Rain Showers,75,1
2020-09-11 04:00:00,Chance Rain Showers,74,1
2020-09-11 04:15:00,Chance Rain Showers,74,1
2020-09-11 04:30:00,Chance Rain Showers,74,1
2020-09-11 04:45:00,Chance Rain Showers,74,1
2020-09-11 05:00:00,Chance Rain Showers,74,1
2020-09-11 05:15:00,Chance Rain Showers,74,1
2020-09-11 05:30:00,Chance Rain Showers,74,1
2020-09-11 05:45:00,Chance Rain Showers,74,1
2020-09-11 06:00:00,Chance Rain Showers,74,1
2020-09-11 06:15:00,Chance Rain Showers,74,1
2020-09-11 06:30:00,Chance Rain Showers,74,1
2020-09-11 06:45:00,Chance Rain Showers,74,1
2020-09-11 07:00:00,Chance Rain Showers,74,1
2020-09-11 07:15:00,Chance Rain Showers,74,1
2020-09-11 07:30:00,Chance Rain Showers,74,1
2020-09-11 07:45:00,Chance Rain Showers,74,1
2020-09-11 08:00:00,Chance Rain Showers,74,1
2020-09-11 08:15:00,Chance Rain Showers,74,1
2020-09-11 08:30:00,Chance Rain Showers,74,1
2020-09-11 08:45:00,Chance Rain Showers,74,1
2020-09-11 09:00:00,Chance Rain Showers,76,1
2020-09-11 09:15:00,Chance Rain Showers,76,1
2020-09-11 09:30:00,Chance Rain Showers,76,1
2020-09-11 09:45:00,Chance Rain Showers,76,1
2020-09-11 10:00:00,Chance Rain Showers,77,1
2020-09-11 10:15:00,Chance Rain Showers,77,1
2020-09-11 10:30:00,Chance Rain Showers,77,1
2020-09-11 10:45:00,Chance Rain Showers,77,1
2020-09-11 11:00:00,Chance Rain Showers,78,0
2020-09-11 11:15:00,Chance Rain Showers,78,0
2020-09-11 11:30:00,Chance Rain Showers,78,0
2020-09-11 11:45:00,Chance Rain Showers,78,1
2020-09-11 12:00:00,Chance Rain Showers,80,1
2020-09-11 12:15:00,Chance Rain Showers,80,1
2020-09-11 12:30:00,Chance Rain Showers,80,1
2020-09-11 12:45:00,Chance Rain Showers,80,1
2020-09-11 13:00:00,Chance Rain Showers,81,1
2020-09-11 13:15:00,Chance Rain Showers,81,1
2020-09-11 13:30:00,Chance Rain Showers,81,1
2020-09-11 13:45:00,Chance Rain Showers,81,1
2020-09-11 14:00:00,Chance Showers And Thunderstorms,81,1
2020-09-11 14:15:00,Chance Showers And Thunderstorms,81,1
2020-09-11 14:30:00,Chance Showers And Thunderstorms,81,1
2020-09-11 14:45:00,Chance Showers And Thunderstorms,81,1
2020-09-11 15:00:00,Chance Showers And Thunderstorms,81,0
2020-09-11 15:15:00,Chance Showers And Thunderstorms,81,0
2020-09-11 15:30:00,Chance Showers And Thunderstorms,81,0
2020-09-11 15:45:00,Chance Showers And Thunderstorms,81,1
2020-09-11 16:00:00,Chance Showers And Thunderstorms,81,1
2020-09-11 16:15:00,Chance Showers And Thunderstorms,81,1
2020-09-11 16:30:00,Chance Showers And Thunderstorms,81,1
2020-09-11 16:45:00,Chance Showers And Thunderstorms,81,1
2020-09-11 17:00:00,Chance Showers And Thunderstorms,80,1
2020-09-11 17:15:00,Chance Showers And Thunderstorms,80,1
2020-09-11 17:30:00,Chance Showers And Thunderstorms,80,1
2020-09-11 17:45:00,Chance Showers And Thunderstorms,80,1
2020-09-11 18:00:00,Chance Showers And Thunderstorms,78,1
2020-09-11 18:15:00,Chance Showers And Thunderstorms,78,1
2020-09-11 18:30:00,Chance Showers And Thunderstorms,78,1
2020-09-11 18:45:00,Chance Showers And Thunderstorms,78,1
2020-09-11 19:00:00,Chance Showers And Thunderstorms,76,1
2020-09-11 19:15:00,Chance Showers And Thunderstorms,76,1
2020-09-11 19:30:00,Chance Showers And Thunderstorms,76,1
2020-09-11 19:45:00,Chance Showers And Thunderstorms,76,1
2020-09-11 20:00:00,Chance Rain Showers,76,1
2020-09-11 20:15:00,Chance Rain Showers,76,1
2020-09-11 20:30:00,Chance Rain Showers,76,1
2020-09-11 20:45:00,Chance Rain Showers,76,1
2020-09-11 21:00:00,Chance Rain Showers,75,1
2020-09-11 21:15:00,Chance Rain Showers,75,1
2020-09-11 21:30:00,Chance Rain Showers,75,1
2020-09-11 21:45:00,Chance Rain Showers,75,1
2020-09-11 22:00:00,Chance Rain Showers,73,1
2020-09-11 22:15:00,Chance Rain Showers,73,1
2020-09-11 22:30:00,Chance Rain Showers,73,1
2020-09-11 22:45:00,Chance Rain Showers,73,1
2020-09-11 23:00:00,Chance Rain Showers,72,1
2020-09-11 23:15:00,Chance Rain Showers,72,1
2020-09-11 23:30:00,Chance Rain Showers,72,1
2020-09-11 23:45:00,Chance Rain Showers,72,1
2020-09-14 00:15:00,Partly Cloudy,72,1
2020-09-14 00:30:00,Partly Cloudy,72,1
2020-09-14 00:45:00,Partly Cloudy,72,1
2020-09-14 00:00:00,Partly Cloudy,72,1
2020-09-14 01:00:00,Partly Cloudy,72,1
2020-09-14 01:15:00,Partly Cloudy,72,1
2020-09-14 01:30:00,Partly Cloudy,72,1
2020-09-14 01:45:00,Partly Cloudy,72,1
2020-09-14 02:00:00,Partly Cloudy,71,1
2020-09-14 02:15:00,Partly Cloudy,71,1
2020-09-14 02:30:00,Partly Cloudy,71,1
2020-09-14 02:45:00,Partly Cloudy,71,1
2020-09-14 03:00:00,Partly Cloudy,71,1
2020-09-14 03:15:00,Partly Cloudy,71,1
2020-09-14 03:30:00,Partly Cloudy,71,1
2020-09-14 03:45:00,Partly Cloudy,71,1
2020-09-14 04:00:00,Mostly Cloudy,71,1
2020-09-14 04:15:00,Mostly Cloudy,71,1
2020-09-14 04:30:00,Mostly Cloudy,71,1
2020-09-14 04:45:00,Mostly Cloudy,71,1
2020-09-14 05:00:00,Mostly Cloudy,70,1
2020-09-14 05:15:00,Mostly Cloudy,70,1
2020-09-14 05:30:00,Mostly Cloudy,70,1
2020-09-14 05:45:00,Mostly Cloudy,70,1
2020-09-14 06:00:00,Mostly Cloudy,70,1
2020-09-14 06:15:00,Mostly Cloudy,70,1
2020-09-14 06:30:00,Mostly Cloudy,70,1
2020-09-14 06:45:00,Mostly Cloudy,70,1
2020-09-14 07:00:00,Mostly Cloudy,70,1
2020-09-14 07:15:00,Mostly Cloudy,70,1
2020-09-14 07:30:00,Mostly Cloudy,70,1
2020-09-14 07:45:00,Mostly Cloudy,70,1
2020-09-14 08:00:00,Slight Chance Rain Showers,71,1
2020-09-14 08:15:00,Slight Chance Rain Showers,71,1
2020-09-14 08:30:00,Slight Chance Rain Showers,71,1
2020-09-14 08:45:00,Slight Chance Rain Showers,71,1
2020-09-14 09:00:00,Slight Chance Rain Showers,73,1
2020-09-14 09:15:00,Slight Chance Rain Showers,73,1
2020-09-14 09:30:00,Slight Chance Rain Showers,73,1
2020-09-14 09:45:00,Slight Chance Rain Showers,73,1
2020-09-14 10:00:00,Slight Chance Rain Showers,75,0
2020-09-14 10:15:00,Slight Chance Rain Showers,75,0
2020-09-14 10:30:00,Slight Chance Rain Showers,75,0
2020-09-14 10:45:00,Slight Chance Rain Showers,75,1
2020-09-14 11:00:00,Slight Chance Rain Showers,77,1
2020-09-14 11:15:00,Slight Chance Rain Showers,77,1
2020-09-14 11:30:00,Slight Chance Rain Showers,77,1
2020-09-14 11:45:00,Slight Chance Rain Showers,77,1
2020-09-14 12:00:00,Slight Chance Rain Showers,78,1
2020-09-14 12:15:00,Slight Chance Rain Showers,78,1
2020-09-14 12:30:00,Slight Chance Rain Showers,78,1
2020-09-14 12:45:00,Slight Chance Rain Showers,78,1
2020-09-14 13:00:00,Slight Chance Rain Showers,79,1
2020-09-14 13:15:00,Slight Chance Rain Showers,79,1
2020-09-14 13:30:00,Slight Chance Rain Showers,79,1
2020-09-14 13:45:00,Slight Chance Rain Showers,79,1
2020-09-14 14:00:00,Mostly Sunny,80,0
2020-09-14 14:15:00,Mostly Sunny,80,0
2020-09-14 14:30:00,Mostly Sunny,80,0
2020-09-14 14:45:00,Mostly Sunny,80,1
2020-09-14 15:00:00,Mostly Sunny,80,0
2020-09-14 15:15:00,Mostly Sunny,80,0
2020-09-14 15:30:00,Mostly Sunny,80,0
2020-09-14 15:45:00,Mostly Sunny,80,0
2020-09-14 16:00:00,Mostly Sunny,80,0
2020-09-14 16:15:00,Mostly Sunny,80,1
2020-09-14 16:30:00,Mostly Sunny,80,1
2020-09-14 16:45:00,Mostly Sunny,80,1
2020-09-14 17:00:00,Sunny,79,1
2020-09-14 17:15:00,Sunny,79,1
2020-09-14 17:30:00,Sunny,79,1
2020-09-14 17:45:00,Sunny,79,1
2020-09-14 18:00:00,Mostly Clear,77,1
2020-09-14 18:15:00,Mostly Clear,77,1
2020-09-14 18:30:00,Mostly Clear,77,1
2020-09-14 18:45:00,Mostly Clear,77,1
2020-09-14 19:00:00,Mostly Clear,75,1
2020-09-14 19:15:00,Mostly Clear,75,1
2020-09-14 19:30:00,Mostly Clear,75,1
2020-09-14 19:45:00,Mostly Clear,75,1
2020-09-14 20:00:00,Mostly Clear,71,1
2020-09-14 20:15:00,Mostly Clear,71,1
2020-09-14 20:30:00,Mostly Clear,71,1
2020-09-14 20:45:00,Mostly Clear,71,1
2020-09-14 21:00:00,Mostly Clear,69,1
2020-09-14 21:15:00,Mostly Clear,69,1
2020-09-14 21:30:00,Mostly Clear,69,1
2020-09-14 21:45:00,Mostly Clear,69,1
2020-09-14 22:00:00,Clear,66,1
2020-09-14 22:15:00,Clear,66,1
2020-09-14 22:30:00,Clear,66,1
2020-09-14 22:45:00,Clear,66,1
2020-09-14 23:00:00,Clear,65,1
2020-09-14 23:15:00,Clear,65,1
2020-09-14 23:30:00,Clear,65,1
2020-09-14 23:45:00,Clear,65,1
2020-09-15 00:15:00,Mostly Clear,65,1
2020-09-15 00:30:00,Mostly Clear,65,1
2020-09-15 00:45:00,Mostly Clear,65,1
2020-09-15 00:00:00,Mostly Clear,65,1
2020-09-15 01:00:00,Mostly Clear,63,1
2020-09-15 01:15:00,Mostly Clear,63,1
2020-09-15 01:30:00,Mostly Clear,63,1
2020-09-15 01:45:00,Mostly Clear,63,1
2020-09-15 02:00:00,Mostly Clear,62,1
2020-09-15 02:15:00,Mostly Clear,62,1
2020-09-15 02:30:00,Mostly Clear,62,1
2020-09-15 02:45:00,Mostly Clear,62,1
2020-09-15 03:00:00,Mostly Clear,61,1
2020-09-15 03:15:00,Mostly Clear,61,1
2020-09-15 03:30:00,Mostly Clear,61,1
2020-09-15 03:45:00,Mostly Clear,61,1
2020-09-15 04:00:00,Mostly Clear,60,1
2020-09-15 04:15:00,Mostly Clear,60,1
2020-09-15 04:30:00,Mostly Clear,60,1
2020-09-15 04:45:00,Mostly Clear,60,1
2020-09-15 05:00:00,Mostly Clear,59,1
2020-09-15 05:15:00,Mostly Clear,59,1
2020-09-15 05:30:00,Mostly Clear,59,1
2020-09-15 05:45:00,Mostly Clear,59,1
2020-09-15 06:00:00,Sunny,60,1
2020-09-15 06:15:00,Sunny,60,1
2020-09-15 06:30:00,Sunny,60,1
2020-09-15 06:45:00,Sunny,60,1
2020-09-15 07:00:00,Sunny,60,1
2020-09-15 07:15:00,Sunny,60,1
2020-09-15 07:30:00,Sunny,60,1
2020-09-15 07:45:00,Sunny,60,1
2020-09-15 08:00:00,Sunny,61,1
2020-09-15 08:15:00,Sunny,61,1
2020-09-15 08:30:00,Sunny,61,1
2020-09-15 08:45:00,Sunny,61,1
2020-09-15 09:00:00,Sunny,63,1
2020-09-15 09:15:00,Sunny,63,1
2020-09-15 09:30:00,Sunny,63,1
2020-09-15 09:45:00,Sunny,63,1
2020-09-15 10:00:00,Sunny,66,0
2020-09-15 10:15:00,Sunny,66,0
2020-09-15 10:30:00,Sunny,66,0
2020-09-15 10:45:00,Sunny,66,1
2020-09-15 11:00:00,Sunny,68,0
2020-09-15 11:15:00,Sunny,68,0
2020-09-15 11:30:00,Sunny,68,0
2020-09-15 11:45:00,Sunny,68,0
2020-09-15 12:00:00,Sunny,70,0
2020-09-15 12:15:00,Sunny,70,0
2020-09-15 12:30:00,Sunny,70,0
2020-09-15 12:45:00,Sunny,70,0
2020-09-15 13:00:00,Sunny,72,0
2020-09-15 13:15:00,Sunny,72,0
2020-09-15 13:30:00,Sunny,72,0
2020-09-15 13:45:00,Sunny,72,0
2020-09-15 14:00:00,Sunny,73,0
2020-09-15 14:15:00,Sunny,73,0
2020-09-15 14:30:00,Sunny,73,0
2020-09-15 14:45:00,Sunny,73,0
2020-09-15 15:00:00,Sunny,74,0
2020-09-15 15:15:00,Sunny,74,0
2020-09-15 15:30:00,Sunny,74,1
2020-09-15 15:45:00,Sunny,74,1
2020-09-15 16:00:00,Sunny,74,1
2020-09-15 16:15:00,Sunny,74,1
2020-09-15 16:30:00,Sunny,74,1
2020-09-15 16:45:00,Sunny,74,1
2020-09-15 17:00:00,Sunny,73,1
2020-09-15 17:15:00,Sunny,73,1
2020-09-15 17:30:00,Sunny,73,1
2020-09-15 17:45:00,Sunny,73,1
2020-09-15 18:00:00,Mostly Clear,72,1
2020-09-15 18:15:00,Mostly Clear,72,1
2020-09-15 18:30:00,Mostly Clear,72,1
2020-09-15 18:45:00,Mostly Clear,72,1
2020-09-15 19:00:00,Mostly Clear,69,1
2020-09-15 19:15:00,Mostly Clear,69,1
2020-09-15 19:30:00,Mostly Clear,69,1
2020-09-15 19:45:00,Mostly Clear,69,1
2020-09-15 20:00:00,Mostly Clear,66,1
2020-09-15 20:15:00,Mostly Clear,66,1
2020-09-15 20:30:00,Mostly Clear,66,1
2020-09-15 20:45:00,Mostly Clear,66,1
2020-09-15 21:00:00,Mostly Clear,64,1
2020-09-15 21:15:00,Mostly Clear,64,1
2020-09-15 21:30:00,Mostly Clear,64,1
2020-09-15 21:45:00,Mostly Clear,64,1
2020-09-15 22:00:00,Mostly Clear,62,1
2020-09-15 22:15:00,Mostly Clear,62,1
2020-09-15 22:30:00,Mostly Clear,62,1
2020-09-15 22:45:00,Mostly Clear,62,1
2020-09-15 23:00:00,Mostly Clear,61,1
2020-09-15 23:15:00,Mostly Clear,61,1
2020-09-15 23:30:00,Mostly Clear,61,1
2020-09-15 23:45:00,Mostly Clear,61,1
2020-09-16 00:15:00,Mostly Clear,61,1
2020-09-16 00:30:00,Mostly Clear,61,1
2020-09-16 00:45:00,Mostly Clear,61,1
2020-09-16 00:00:00,Mostly Clear,61,1
2020-09-16 01:00:00,Mostly Clear,60,1
2020-09-16 01:15:00,Mostly Clear,60,1
2020-09-16 01:30:00,Mostly Clear,60,1
2020-09-16 01:45:00,Mostly Clear,60,1
2020-09-16 02:00:00,Mostly Clear,60,1
2020-09-16 02:15:00,Mostly Clear,60,1
2020-09-16 02:30:00,Mostly Clear,60,1
2020-09-16 02:45:00,Mostly Clear,60,1
2020-09-16 03:00:00,Mostly Clear,59,1
2020-09-16 03:15:00,Mostly Clear,59,1
2020-09-16 03:30:00,Mostly Clear,59,1
2020-09-16 03:45:00,Mostly Clear,59,1
2020-09-16 04:00:00,Mostly Clear,59,1
2020-09-16 04:15:00,Mostly Clear,59,1
2020-09-16 04:30:00,Mostly Clear,59,1
2020-09-16 04:45:00,Mostly Clear,59,1
2020-09-16 05:00:00,Mostly Clear,59,1
2020-09-16 05:15:00,Mostly Clear,59,1
2020-09-16 05:30:00,Mostly Clear,59,1
2020-09-16 05:45:00,Mostly Clear,59,1
2020-09-16 06:00:00,Sunny,58,1
2020-09-16 06:15:00,Sunny,58,1
2020-09-16 06:30:00,Sunny,58,1
2020-09-16 06:45:00,Sunny,58,1
2020-09-16 07:00:00,Sunny,59,1
2020-09-16 07:15:00,Sunny,59,1
2020-09-16 07:30:00,Sunny,59,1
2020-09-16 07:45:00,Sunny,59,1
2020-09-16 08:00:00,Mostly Sunny,61,1
2020-09-16 08:15:00,Mostly Sunny,61,1
2020-09-16 08:30:00,Mostly Sunny,61,1
2020-09-16 08:45:00,Mostly Sunny,61,1
2020-09-16 09:00:00,Mostly Sunny,63,1
2020-09-16 09:15:00,Mostly Sunny,63,1
2020-09-16 09:30:00,Mostly Sunny,63,1
2020-09-16 09:45:00,Mostly Sunny,63,1
2020-09-16 10:00:00,Mostly Sunny,66,0
2020-09-16 10:15:00,Mostly Sunny,66,0
2020-09-16 10:30:00,Mostly Sunny,66,0
2020-09-16 10:45:00,Mostly Sunny,66,1
2020-09-16 11:00:00,Mostly Sunny,69,0
2020-09-16 11:15:00,Mostly Sunny,69,0
2020-09-16 11:30:00,Mostly Sunny,69,0
2020-09-16 11:45:00,Mostly Sunny,69,0
2020-09-16 12:00:00,Mostly Sunny,72,0
2020-09-16 12:15:00,Mostly Sunny,72,0
2020-09-16 12:30:00,Mostly Sunny,72,0
2020-09-16 12:45:00,Mostly Sunny,72,0
2020-09-16 13:00:00,Mostly Sunny,74,0
2020-09-16 13:15:00,Mostly Sunny,74,0
2020-09-16 13:30:00,Mostly Sunny,74,0
2020-09-16 13:45:00,Mostly Sunny,74,0
2020-09-16 14:00:00,Mostly Sunny,76,0
2020-09-16 14:15:00,Mostly Sunny,76,0
2020-09-16 14:30:00,Mostly Sunny,76,0
2020-09-16 14:45:00,Mostly Sunny,76,0
2020-09-16 15:00:00,Mostly Sunny,77,0
2020-09-16 15:15:00,Mostly Sunny,77,1
2020-09-16 15:30:00,Mostly Sunny,77,1
2020-09-16 15:45:00,Mostly Sunny,77,1
2020-09-16 16:00:00,Mostly Sunny,77,1
2020-09-16 16:15:00,Mostly Sunny,77,1
2020-09-16 16:30:00,Mostly Sunny,77,1
2020-09-16 16:45:00,Mostly Sunny,77,1
2020-09-16 17:00:00,Mostly Sunny,76,1
2020-09-16 17:15:00,Mostly Sunny,76,1
2020-09-16 17:30:00,Mostly Sunny,76,1
2020-09-16 17:45:00,Mostly Sunny,76,1
2020-09-16 18:00:00,Partly Cloudy,75,1
2020-09-16 18:15:00,Partly Cloudy,75,1
2020-09-16 18:30:00,Partly Cloudy,75,1
2020-09-16 18:45:00,Partly Cloudy,75,1
2020-09-16 19:00:00,Partly Cloudy,72,1
2020-09-16 19:15:00,Partly Cloudy,72,1
2020-09-16 19:30:00,Partly Cloudy,72,1
2020-09-16 19:45:00,Partly Cloudy,72,1
2020-09-16 20:00:00,Partly Cloudy,71,1
2020-09-16 20:15:00,Partly Cloudy,71,1
2020-09-16 20:30:00,Partly Cloudy,71,1
2020-09-16 20:45:00,Partly Cloudy,71,1
2020-09-16 21:00:00,Partly Cloudy,70,1
2020-09-16 21:15:00,Partly Cloudy,70,1
2020-09-16 21:30:00,Partly Cloudy,70,1
2020-09-16 21:45:00,Partly Cloudy,70,1
2020-09-16 22:00:00,Partly Cloudy,69,1
2020-09-16 22:15:00,Partly Cloudy,69,1
2020-09-16 22:30:00,Partly Cloudy,69,1
2020-09-16 22:45:00,Partly Cloudy,69,1
2020-09-16 23:00:00,Partly Cloudy,68,1
2020-09-16 23:15:00,Partly Cloudy,68,1
2020-09-16 23:30:00,Partly Cloudy,68,1
2020-09-16 23:45:00,Partly Cloudy,68,1
2020-09-17 00:15:00,Partly Cloudy,68,1
2020-09-17 00:30:00,Partly Cloudy,68,1
2020-09-17 00:45:00,Partly Cloudy,68,1
2020-09-17 00:00:00,Partly Cloudy,68,1
2020-09-17 01:00:00,Mostly Cloudy,67,1
2020-09-17 01:15:00,Mostly Cloudy,67,1
2020-09-17 01:30:00,Mostly Cloudy,67,1
2020-09-17 01:45:00,Mostly Cloudy,67,1
2020-09-17 02:00:00,Mostly Cloudy,67,1
2020-09-17 02:15:00,Mostly Cloudy,67,1
2020-09-17 02:30:00,Mostly Cloudy,67,1
2020-09-17 02:45:00,Mostly Cloudy,67,1
2020-09-17 03:00:00,Mostly Cloudy,66,1
2020-09-17 03:15:00,Mostly Cloudy,66,1
2020-09-17 03:30:00,Mostly Cloudy,66,1
2020-09-17 03:45:00,Mostly Cloudy,66,1
2020-09-17 04:00:00,Mostly Cloudy,66,1
2020-09-17 04:15:00,Mostly Cloudy,66,1
2020-09-17 04:30:00,Mostly Cloudy,66,1
2020-09-17 04:45:00,Mostly Cloudy,66,1
2020-09-17 05:00:00,Mostly Cloudy,65,1
2020-09-17 05:15:00,Mostly Cloudy,65,1
2020-09-17 05:30:00,Mostly Cloudy,65,1
2020-09-17 05:45:00,Mostly Cloudy,65,1
2020-09-17 06:00:00,Mostly Cloudy,65,1
2020-09-17 06:15:00,Mostly Cloudy,65,1
2020-09-17 06:30:00,Mostly Cloudy,65,1
2020-09-17 06:45:00,Mostly Cloudy,65,1
2020-09-17 07:00:00,Mostly Cloudy,65,1
2020-09-17 07:15:00,Mostly Cloudy,65,1
2020-09-17 07:30:00,Mostly Cloudy,65,1
2020-09-17 07:45:00,Mostly Cloudy,65,1
2020-09-17 08:00:00,Slight Chance Rain Showers,66,1
2020-09-17 08:15:00,Slight Chance Rain Showers,66,1
2020-09-17 08:30:00,Slight Chance Rain Showers,66,1
2020-09-17 08:45:00,Slight Chance Rain Showers,66,1
2020-09-17 09:00:00,Slight Chance Rain Showers,68,1
2020-09-17 09:15:00,Slight Chance Rain Showers,68,1
2020-09-17 09:30:00,Slight Chance Rain Showers,68,1
2020-09-17 09:45:00,Slight Chance Rain Showers,68,1
2020-09-17 10:00:00,Slight Chance Rain Showers,71,0
2020-09-17 10:15:00,Slight Chance Rain Showers,71,0
2020-09-17 10:30:00,Slight Chance Rain Showers,71,0
2020-09-17 10:45:00,Slight Chance Rain Showers,71,1
2020-09-17 11:00:00,Slight Chance Rain Showers,73,0
2020-09-17 11:15:00,Slight Chance Rain Showers,73,0
2020-09-17 11:30:00,Slight Chance Rain Showers,73,0
2020-09-17 11:45:00,Slight Chance Rain Showers,73,0
2020-09-17 12:00:00,Slight Chance Rain Showers,74,0
2020-09-17 12:15:00,Slight Chance Rain Showers,74,0
2020-09-17 12:30:00,Slight Chance Rain Showers,74,0
2020-09-17 12:45:00,Slight Chance Rain Showers,74,0
2020-09-17 13:00:00,Slight Chance Rain Showers,76,0
2020-09-17 13:15:00,Slight Chance Rain Showers,76,0
2020-09-17 13:30:00,Slight Chance Rain Showers,76,0
2020-09-17 13:45:00,Slight Chance Rain Showers,76,0
2020-09-17 14:00:00,Chance Rain Showers,75,0
2020-09-17 14:15:00,Chance Rain Showers,75,0
2020-09-17 14:30:00,Chance Rain Showers,75,0
2020-09-17 14:45:00,Chance Rain Showers,75,0
2020-09-17 15:00:00,Chance Rain Showers,77,0
2020-09-17 15:15:00,Chance Rain Showers,77,1
2020-09-17 15:30:00,Chance Rain Showers,77,1
2020-09-17 15:45:00,Chance Rain Showers,77,1
2020-09-17 16:00:00,Chance Rain Showers,74,1
2020-09-17 16:15:00,Chance Rain Showers,74,1
2020-09-17 16:30:00,Chance Rain Showers,74,1
2020-09-17 16:45:00,Chance Rain Showers,74,1
2020-09-17 17:00:00,Chance Rain Showers,76,0
2020-09-17 17:15:00,Chance Rain Showers,76,0
2020-09-17 17:30:00,Chance Rain Showers,76,0
2020-09-17 17:45:00,Chance Rain Showers,76,0
2020-09-17 18:00:00,Chance Rain Showers,75,0
2020-09-17 18:15:00,Chance Rain Showers,75,1
2020-09-17 18:30:00,Chance Rain Showers,75,1
2020-09-17 18:45:00,Chance Rain Showers,75,1
2020-09-17 19:00:00,Chance Rain Showers,71,1
2020-09-17 19:15:00,Chance Rain Showers,71,1
2020-09-17 19:30:00,Chance Rain Showers,71,1
2020-09-17 19:45:00,Chance Rain Showers,71,1
2020-09-17 20:00:00,Chance Rain Showers,71,1
2020-09-17 20:15:00,Chance Rain Showers,71,1
2020-09-17 20:30:00,Chance Rain Showers,71,1
2020-09-17 20:45:00,Chance Rain Showers,71,1
2020-09-17 21:00:00,Chance Rain Showers,69,1
2020-09-17 21:15:00,Chance Rain Showers,69,1
2020-09-17 21:30:00,Chance Rain Showers,69,1
2020-09-17 21:45:00,Chance Rain Showers,69,1
2020-09-17 22:00:00,Chance Rain Showers,68,1
2020-09-17 22:15:00,Chance Rain Showers,68,1
2020-09-17 22:30:00,Chance Rain Showers,68,1
2020-09-17 22:45:00,Chance Rain Showers,68,1
2020-09-17 23:00:00,Chance Rain Showers,67,1
2020-09-17 23:15:00,Chance Rain Showers,67,1
2020-09-17 23:30:00,Chance Rain Showers,67,1
2020-09-17 23:45:00,Chance Rain Showers,67,1